organization,address,city_state_zipcode,office_type
First South Farm Credit,41655 State Highway 59,"Bay Minette, AL 36507",Branch
First South Farm Credit,1824 Eva Rd NE,"Cullman, AL 35055",Branch
Alabama Farm Credit,1949 St Joseph Dr NW,"Cullman, AL 35055",Branch
Alabama Ag Credit,921 Hwy 80 West,"Demopolis, AL 36732",Branch
Alabama Ag Credit,1001 Forest Drive,"Dothan, AL 36303",Branch
Alabama Ag Credit,9810 Timber Circle,"Spanish Fort, AL 36527",Branch
Alabama Ag Credit,7602 Halcyon Summit Dr,"Montgomery, AL 36117",Branch
First South Farm Credit,1401 Forest Ave,"Montgomery, AL 36106",Branch
First South Farm Credit,4210 McFarland Blvd,"Northport, AL 35476",Branch
Alabama Ag Credit,"2618 8th Street, Suite 10","Tuscaloosa, AL 35401",Branch
First South Farm Credit,320 Alabama Hwy 75 North,"Albertville, AL 35951",Branch
Alabama Farm Credit,808 AL Hwy 75 N,"Albertville, AL 35950",Branch
First South Farm Credit,2341 Alabama Hwy 21 South,"Oxford, AL 36203",Branch
First South Farm Credit,700 Hwy. 80 West,"Demopolis, AL 36732",Branch
First South Farm Credit,141 Lee Street,"Luverne, AL 36049",Branch
First South Farm Credit,1613 Frederick Road,"Opelika, AL 36801",Branch
Alabama Ag Credit,1431 Gateway Drive,"Opelika, AL 36801-5462",Branch
Alabama Ag Credit,420 Broad Street,"Selma, AL 36701",Branch
Alabama Farm Credit,65696 AL Hwy 77,"Talladega, AL 35161",Branch
First South Farm Credit,1103 Bypass West,"Andalusia, AL 36420",Branch
Alabama Ag Credit,1010 Boll Weevil Circle,"Enterprise, AL 36330",Branch
Alabama Ag Credit,87 North Mount Pleasant Avenue,"Monroeville, AL 36460",Branch
First South Farm Credit,970 Hwy. 20 East,"Tuscumbia, AL 35674",Branch
Alabama Farm Credit,1013 Hwy 72E,"Tuscumbia, AL 35674",Branch
Alabama Farm Credit,26243 US Highway 72,"Athens, AL 35613",Branch
First South Farm Credit,30035 US Highway 72 West,"Madison, AL 35756-3225",Branch
First South Farm Credit,1960 Stonegate Drive,"Birmingham, AL 35242",Branch
First South Farm Credit,14390 Market St,"Moulton, AL 35650",Branch
AgWest Farm Credit,2157 North Northlake Way,"Seattle, WA 98103-9184",Branch
AgWest Farm Credit,1120 S. 20th Avenue,"Safford, AZ 85546",Branch
AgWest Farm Credit,3003 S. Fair Lane,"Tempe, AZ 85282",Branch
Western AgCredit,2495 N. Main Street,"Cedar City, UT 84721",Branch
Farm Credit of Western Arkansas,3600 SW Regional Airport Blvd. Suite 16,"Bentonville, AR 72712",Branch
Farm Credit of Western Arkansas,129 W Industrial Park Rd,"Harrison, AR 72601",Branch
AgHeritage Farm Credit Services,6035 Highway 65 N,"McGehee, AR 71654",Branch
Farm Credit of Western Arkansas,4970 Hwy 412 East,"Siloam Springs, AR 72761",Branch
AgHeritage Farm Credit Services,1102 E 22nd St,"Stuttgart, AR 72160",Branch
Farm Credit of Western Arkansas,2858 Walnut St.,"Arkadelphia, AR 71923-6530",Branch
Farm Credit of Western Arkansas,1703 Pittman St,"Magnolia, AR 71753-3266",Branch
AgHeritage Farm Credit Services,2620 S Main St,"Searcy, AR 72143",Branch
Farm Credit of Western Arkansas,641 Highway 71 N Ste 102,"Alma, AR 72921-5107",Branch
Farm Credit of Western Arkansas,12907 Hwy 71 South,"Fort Smith, AR 72916",Branch
Farm Credit Mid-America,3000 Prosperity Drive,"Jonesboro, AR 72404",Branch
Farm Credit Mid-America,151 Block Street,"Marion, AR 72364",Branch
Farm Credit of Western Arkansas,1329 Hwy 9,"Morrilton, AR 72110",Branch
Farm Credit Mid-America,6216 Hwy 49,"Poplar Grove, AR 72374-8900",Branch
Farm Credit of Western Arkansas,89C N Broadview St,"Greenbrier, AR 72058",Branch
Farm Credit of Western Arkansas,1808 Farm Credit Dr,"Ozark, AR 72949",Branch
Farm Credit of Western Arkansas,3772 W Hwy 22,"Paris, AR 72855",Branch
Farm Credit Mid-America,1674 S Falls Blvd,"Wynne, AR 72396-0389",Branch
Farm Credit of Western Arkansas,15227 I-30 South,"Benton, AR 72015",Branch
Farm Credit of Western Arkansas,1722 E 3rd St.,"Hope, AR 71801",Branch
Farm Credit Mid-America,1312 Highway 135 N,"Paragould, AR 72450",Branch
AgHeritage Farm Credit Services,1105 Pace Rd,"Pocahontas, AR 72455",Branch
AgHeritage Farm Credit Services,1169 Batesville Blvd,"Batesville, AR 72501",Branch
Farm Credit of Western Arkansas,1007 Interstate RD,"Clarksville, AR 72830",Branch
Farm Credit of Western Arkansas,302 W Bishop St,"Nashville, AR 71852",Branch
AgHeritage Farm Credit Services,2800 Stegall Rd,"Newport, AR 72112",Branch
Farm Credit of Western Arkansas,2797 E Parkway Dr.,"Russellville, AR 72802",Branch
Farm Credit of Western Arkansas,2305 Trinity Blvd.,"Texarkana, AR 71854",Branch
AgHeritage Farm Credit Services,498 Broadmoor Dr,"Brinkley, AR 72021",Branch
Farm Credit of Western Arkansas,14238 Highway 412,"Huntsville, AR 72740",Branch
AgHeritage Farm Credit Services,1121 W Front Street,"Lonoke, AR 72086",Branch
Farm Credit Mid-America,4389 W Keiser Ave,"Osceola, AR 72370",Branch
Farm Credit of Western Arkansas,1091 W Henri De Tonti Blvd.,"Springdale, AR 72762",Branch
Farm Credit of Western Arkansas,1607 Hwy 71 North,"Mena, AR 71953",Branch
Farm Credit of Western Arkansas,800 E Magnolia Ave,"De Queen, AR 71832",Branch
Farm Credit of Western Arkansas,1181 East Heritage Parkway,"Prairie Grove, AR 72753",Branch
Farm Credit of Western Arkansas,302 E 5th ST,"Danville, AR 72833-9786",Branch
American AgCredit,403 E Hwy 395,"Alturas, CA 96101",Branch
Golden State Farm Credit,3013 Ceres Ave,"Chico, CA 95973",Headquarters
Farm Credit Services of Colusa-Glenn,2970 Davison CT,"Colusa, CA 95932",Branch
Golden State Farm Credit,1580 Ellis Street,"Kingsburg, CA 93631",Headquarters
Golden State Farm Credit,1530 Marion St.,"Kingsburg, CA 93631",Branch
American AgCredit,2345 E. Earhart Ave,"Stockton, CA 95206",Branch
Golden State Farm Credit,201-A North Tehama Street,"Willows, CA 95988",Branch
AgWest Farm Credit,1800 Lassen Blvd.,"Yuba City, CA 95993",Branch
American AgCredit,1440 W Williams Ave,"Fallon, NV 89406",Branch
AgWest Farm Credit,940 W. El Monte Way,"Dinuba, CA 93618",Branch
American AgCredit,5560 S Broadway,"Eureka, CA 95503",Branch
Fresno Madera Farm Credit,4635 W Spruce Ave,"Fresno, CA 93722-8425",Branch
Fresno Madera Farm Credit,1698 Draper Street,"Kingsburg, CA 93631",Branch
Fresno Madera Farm Credit,3475 Golden State Blvd,"Madera, CA 93637",Branch
Golden State Farm Credit,1001 East 3rd Street,"Hanford, CA 93230",Branch
Yosemite Farm Credit,530 Washington Avenue,"Los Banos, CA 93635",Branch
Yosemite Farm Credit,760 W 18th Street,"Merced, CA 95340",Branch
American AgCredit,711 W 19th ST,"Merced, CA 95340-4606",Branch
AgWest Farm Credit,175 Cow Meadow Place,"Paso Robles, CA 93446",Branch
AgWest Farm Credit,200 E. Cartmill Avenue,"Tulare, CA 93274",Branch
AgWest Farm Credit,440 Pioneer Avenue,"Woodland, CA 95776",Branch
American AgCredit,255 W Peckham Lane,"Reno, NV 89509",Branch
AgWest Farm Credit,1111 W Lacey Blvd,"Hanford, CA 93230",Branch
AgWest Farm Credit,485 Business Park Way,"Imperial , CA 92251-9900",Branch
AgWest Farm Credit,19628 Industry Pkwy Dr,"Bakersfield, CA 93308",Branch
American AgCredit,455 E Gobbi St,"Ukiah, CA 95482",Branch
AgWest Farm Credit,300 Klamath Ave,"Klamath Falls, OR 97601-6308",Branch
Yosemite Farm Credit,345 W Las Palmas,"Patterson, CA 95363",Branch
American AgCredit,4845 Old Redwood Hwy,"Santa Rosa, CA 95403",Branch
American AgCredit,42429 Winchester Rd,"Temecula, CA 92590",Branch
Yosemite Farm Credit,810 W Monte Vista Avenue,"Turlock, CA 95382",Branch
American AgCredit,924 E Blanco Rd,"Salinas, CA 93901",Branch
American AgCredit,77711 Flora Rd,"Palm Desert, CA 92211",Branch
American AgCredit,700 N Yosemite Ave,"Oakdale, CA 95362",Branch
AgWest Farm Credit,1178 Tama Lane,"Santa Maria, CA 93455-1128",Branch
AgWest Farm Credit,2031 Knoll Dr,"Ventura, CA 93003",Branch
Golden State Farm Credit,255 Sale Lane,"Red Bluff, CA 96080",Branch
AgWest Farm Credit,650 E Pine St.,"Central Point, OR 97502-2482",Branch
Yosemite Farm Credit,1213 13th Street,"Modesto, CA 95354",Branch
American AgCredit,850 East Second Ave,"Durango, CO 81301",Branch
American AgCredit,4505 W 29th Street,"Greeley, CO 80634",Branch
Farm Credit of Southern Colorado,1302 E Third,"La Junta, CO 81050",Branch
Farm Credit of Southern Colorado,1301 E Olive ST,"Lamar, CO 81052",Branch
Farm Credit of Southern Colorado,100 E Main,"Limon, CO 80828",Branch
Farm Credit of Southern Colorado,159 Washington St,"Monte Vista, CO 81144",Branch
Farm Credit of Southern Colorado,549 South Lincoln,"Burlington, CO 80807",Branch
Farm Credit of Southern Colorado,5110 Edison Ave,"Colorado Springs, CO 80915-3504",Branch
American AgCredit,627 24 1/2 Road Suite I,"Grand Junction, CO 81505",Branch
American AgCredit,"1404 Hawk Parkway, #101","Montrose, CO 81401",Branch
Premier Farm Credit,143 S Campbell Ave,"Holyoke, CO 80734",Branch
Premier Farm Credit,229 S 3rd St,"Sterling, CO 80751",Branch
Premier Farm Credit,225 E Railroad Ave,"Fort Morgan, CO 80701",Branch
Premier Farm Credit,700 W 8th Ave,"Yuma, CO 80759",Branch
Horizon Farm Credit,1410 S State St,"Dover, DE 19901",Branch
Horizon Farm Credit,20816 DuPont Blvd,"Georgetown, DE 19947",Branch
Horizon Farm Credit,5303 Spectrum Drive,"Frederick, MD 21703",Branch
Farm Credit of Florida,12300 NW US Hwy 441,"Alachua, FL 32615",Branch
Farm Credit of Central Florida,57 E. Third Street,"Apopka, FL 32703-4235",Branch
Farm Credit of Central Florida,204 E. Orange Street,"Lakeland, FL 33801",Branch
Farm Credit of Northwest Florida,5052 Hwy 90 East,"Marianna, FL 32446",Headquarters
Farm Credit of Florida,309 N 2nd St,"Palatka, FL 32177",Branch
Farm Credit of Florida,11903 Southern Blvd,"West Palm Beach, FL 33411",Branch
Farm Credit of Florida,340 N Brevard Ave,"Arcadia, FL 34266",Branch
Farm Credit of Central Florida,31050 Cortez Blvd,"Brooksville, FL 34602-7542",Branch
Farm Credit of Florida,1311 US Hwy 17 North,"Wauchula, FL 33873",Branch
Farm Credit of Northwest Florida,5336 Stewart St,"Milton, FL 32570",Branch
Farm Credit of Northwest Florida,3323 Thomasville Rd,"Tallahassee, FL 32308",Branch
Farm Credit of Florida,721 S Main St,"Trenton, FL 32693",Branch
Farm Credit of Florida,1606 Canyon Ave,"Live Oak, FL 32064",Branch
Farm Credit of Central Florida,2301 Thonotosassa Road,"Plant City, FL 33563",Branch
Farm Credit of Florida,7925 20th Street,"Vero Beach, FL 32966",Branch
Farm Credit of Northwest Florida,925 W. Washington Street,"Monticello, FL 32344",Branch
Farm Credit of Florida,5075 NW Blitchton Rd,"Ocala, FL 34482-4054",Branch
Farm Credit of Florida,403 NW 6th St,"Okeechobee, FL 34972",Branch
Farm Credit of Florida,24700 S W 177 Avenue,"Homestead, FL 33031",Branch
Southwest Georgia Farm Credit,1037 East Forsyth Street,"Americus, GA 31709",Branch
Southwest Georgia Farm Credit,305 Colquitt Highway,"Bainbridge, GA 39817",Branch
AgSouth Farm Credit,2215 Hatch Pkwy S,"Baxley, GA 31513-4295",Branch
Southwest Georgia Farm Credit,40 East Broad Street,"Camilla, GA 31730",Branch
AgGeorgia Farm Credit,102 Blacksnake Rd.,"Mount Airy, GA 30563-2555",Branch
Southwest Georgia Farm Credit,937 Forrester Drive SE,"Dawson, GA 39842",Branch
AgSouth Farm Credit,204 Bowen's Mill Rd,"Douglas, GA 31533",Branch
AgGeorgia Farm Credit,501 Broad St.,"Gainesville, GA 30501",Branch
AgGeorgia Farm Credit,449 Franklin Springs St.,"Royston, GA 30662-4426",Branch
AgGeorgia Farm Credit,775 Sparta Rd.,"Sandersville, GA 31082-7555",Branch
Southwest Georgia Farm Credit,1215 East Jackson Street,"Thomasville, GA 31792",Branch
AgGeorgia Farm Credit,2857 Miller Ferry Rd,"Calhoun, GA 30701",Branch
AgGeorgia Farm Credit,826 Bellevue Ave.,"Dublin, GA 31021-4848",Branch
AgGeorgia Farm Credit,468 Perry Parkway,"Perry, GA 31069-2861",Branch
AgGeorgia Farm Credit,1601 King Rd.,"Tifton, GA 31793-7923",Branch
AgSouth Farm Credit,111 Carter Ave,"Blackshear, GA 31516",Branch
AgGeorgia Farm Credit,504 E Screven St.,"Quitman, GA 31643-2136",Branch
AgSouth Farm Credit,40 S. Main St,"Statesboro, GA 30458",Branch
AgGeorgia Farm Credit,176 Hwy 80 West,"Waynesboro, GA 30830",Branch
AgSouth Farm Credit,2520 S Highway 27,"Carrollton, GA 30112",Branch
AgGeorgia Farm Credit,700 East Villanow Street,"LaFayette, GA 30728-2966",Branch
AgGeorgia Farm Credit,22 5th Avenue SE,"Moultrie, GA 31768-4764",Branch
AgSouth Farm Credit,620 N. Church St,"Thomaston, GA 30286-2204",Branch
AgGeorgia Farm Credit,1207 S. Greer St.,"Cordele, GA 31015-2060",Branch
AgSouth Farm Credit,596 S Talbotton St,"Greenville, GA 30222",Branch
AgGeorgia Farm Credit,19 Woodlake Drive,"Chatsworth, GA 30705-6699",Branch
AgSouth Farm Credit,855 Odum Hwy,"Jesup, GA 31545",Branch
AgSouth Farm Credit,1691 Lions Club Road,"Madison, GA 30650",Branch
AgGeorgia Farm Credit,311 N Bypass E,"Washington, GA 30673-5349",Branch
AgSouth Farm Credit,314 Commerce Way,"Vidalia, GA 30474",Branch
American AgCredit,988 Kinoole ST,"Hilo, HI 96720-3849",Branch
American AgCredit,99-860 Iwaena ST,"Aiea, HI 96701-5608",Branch
Idaho AgCredit,2883 Hwy 39,"American Falls, ID 83211",Branch
Idaho AgCredit,PO Box 985,"Blackfoot, ID 83221",Branch
AgWest Farm Credit,541 W 100 N,"Blackfoot, ID 83221-1625",Branch
AgWest Farm Credit,16034 Equine Dr,"Nampa, ID 83687-8490",Branch
AgWest Farm Credit,102 N State,"Preston, ID 83263-1178",Branch
AgWest Farm Credit,2001 S. Flint Road,"Spokane, WA 99224-2585",Branch
AgWest Farm Credit,1408 Pomerelle Ave.,"Burley, ID 83318-2068",Branch
AgWest Farm Credit,1215 Pier View Drive,"Idaho Falls, ID 83402-4966",Branch
Idaho AgCredit,1586 North 2 East,"Rexburg, ID 83440",Branch
AgWest Farm Credit,406 Park View Loop,"Twin Falls, ID 83301-3484",Branch
Idaho AgCredit,"1096 Eastland Dr North, Suite 100A","Twin Falls, ID 83301",Branch
AgWest Farm Credit,2631 Nez Perce Dr,"Lewiston, ID 83501-4121",Branch
AgWest Farm Credit,1036 Erikson Dr,"Rexburg, ID 83440-5297",Branch
AgWest Farm Credit,417 Main Street,"Cottonwood, ID 83522-0177",Branch
AgWest Farm Credit,2775 Fairgrounds Rd,"American Falls, ID 83211-1804",Branch
AgWest Farm Credit,308 SE 10th Street,"Ontario, OR 97914-4418",Branch
Farm Credit Illinois,115 Matter Dr,"Highland, IL 62249",Branch
Farm Credit Illinois,2601 Henry Drive,"Marion, IL 62959",Branch
Compeer Financial,2950 N Main St,"Princeton, IL 61356",Branch
Compeer Financial,436 S 54th St,"Quincy, IL 62305",Branch
Compeer Financial,1350 W Prairie Dr,"Sycamore, IL 60178",Branch
Compeer Financial,651 W Meadows Dr,"Freeport, IL 61032",Branch
Farm Credit Illinois,2250 S Main Street,"Jacksonville, IL 62650",Branch
Farm Credit Illinois,27049 State Highway 16,"Jerseyville, IL 62052",Branch
Farm Credit Illinois,1100 Farm Credit Drive,"Mahomet, IL 61853",Branch
Farm Credit Illinois,13447 IL Highway 16,"Paris, IL 61944",Branch
Farm Credit Illinois,1155 E 1500 North Rd,"Taylorville, IL 62568-9457",Branch
Farm Credit Illinois,1506 E Fayette,"Effingham, IL 62401",Branch
Farm Credit Illinois,4201 W Haven Rd,"Lawrenceville, IL 62439",Branch
Farm Credit Illinois,410 Potomac Blvd.,"Mt. Vernon, IL 62864",Branch
Compeer Financial,7508 N Kickapoo - Edwards Rd,"Edwards, IL 61528",Branch
Farm Credit Illinois,332 E Walnut St,"Watseka, IL 60970",Branch
Compeer Financial,2901 E Jackson St,"Macomb, IL 61455",Branch
Compeer Financial,700 E Jackson,"Monmouth, IL 61462",Branch
Compeer Financial,1512 W Reynolds St,"Pontiac, IL 61764",Branch
Compeer Financial,1303 US Hwy 6 East,"Geneseo, IL 61254",Branch
Compeer Financial,570 William Latham Dr.,"Bourbonnais, IL 60914",Branch
Compeer Financial,3184 N State Route 23,"Ottawa, IL 61350-9645",Branch
Compeer Financial,207 W 21st St,"Rock Falls, IL 61071",Branch
Farm Credit Illinois,1200 Old Tipton School Road,"Sherman, IL 62684",Branch
Farm Credit Illinois,2415 W Mound Rd,"Decatur, IL 62526",Branch
Compeer Financial,400 E Main,"Aledo, IL 61231",Branch
Compeer Financial,515 E Courtland St,"Morton, IL 61550",Branch
Compeer Financial,1101 Pines Rd,"Oregon, IL 61061",Branch
Farm Credit Illinois,111 Kennedy Drive,"Red Bud, IL 62278",Branch
Farm Credit Mid-America,1319 Baker Pl,"Bluffton, IN 46714",Branch
Farm Credit Mid-America,1010 W. Connexion Way,"Columbia City, IN 46725",Branch
Farm Credit Mid-America,5975 25th Street,"Columbus, IN 47203",Branch
Farm Credit Mid-America,517 Corda Blvd,"Crawfordsville, IN 47933",Branch
Farm Credit Mid-America,4204 S Western Ave,"Marion, IN 46953",Branch
Farm Credit Mid-America,203 W Drexel Parkway,"Rensselaer, IN 47978",Branch
Farm Credit Mid-America,3048 E 00 NS,"Kokomo, IN 46901",Branch
Farm Credit Mid-America,421 Meijer Dr,"Lafayette, IN 47905",Branch
Farm Credit Mid-America,643 S Boatman Road,"Scottsburg, IN 47170",Branch
Farm Credit Mid-America,390 Federal Drive NW,"Corydon, IN 47112",Branch
Farm Credit Mid-America,1512 West Main St,"Greensburg, IN 47240",Branch
Farm Credit Mid-America,14231 Teetor Road,"Hagerstown, IN 47346",Branch
Farm Credit Mid-America,1847 Troy Road,"Washington, IN 47501",Branch
Farm Credit Mid-America,1940 Hospitality Drive,"Jasper, IN 47546",Branch
Farm Credit Mid-America,50 N 250 W,"Lagrange, IN 46761",Branch
Farm Credit Mid-America,1759 North Main Street,"Rushville, IN 46173",Branch
Farm Credit Mid-America,831 State Road 28 E,"Williamsport, IN 47993",Branch
Farm Credit Mid-America,3406 N State Road 9,"Anderson, IN 46012",Branch
Farm Credit Mid-America,15747 Neeley St,"Evansville, IN 47225",Branch
Farm Credit Mid-America,100 International Dr,"Franklin, IN 46131",Branch
Farm Credit Mid-America,226 Rouch Place,"Rochester, IN 46975",Branch
Farm Credit Mid-America,1050 Ballard Lane,"Greencastle, IN 46135",Branch
Farm Credit Mid-America,3399 N Finance Rd,"Bloomington, IN 47404-1160",Branch
Farm Credit Mid-America,2901 Leonard Dr,"Valparaiso, IN 46383",Branch
Farm Credit Services of America,1525 Boyson Rd,"Hiawatha, IA 52233-2309",Branch
Farm Credit Services of America,2328 Millennium Rd,"Decorah, IA 52101",Branch
Farm Credit Services of America,4056 4th Street SW,"Mason City, IA 50401",Branch
Farm Credit Services of America,1902 D Ave W,"Oskaloosa, IA 52577-3723",Branch
Farm Credit Services of America,105 Theater Cir,"Perry, IA 50220-2523",Branch
Farm Credit Services of America,700 Senate Ave,"Red Oak, IA 51566",Branch
Farm Credit Services of America,7149 Nordic Drive,"Cedar Falls, IA 50613",Branch
Farm Credit Services of America,1301 W Main,"Manchester, IA 52057",Branch
Farm Credit Services of America,1015 590th St,"Storm Lake, IA 50588",Branch
Farm Credit Services of America,345 Fair Meadow DR,"Webster City, IA 50595-3157",Branch
Farm Credit Services of America,919 Bella Vista Drive,"Carroll, IA 51401",Branch
Farm Credit Services of America,1621 11th St,"DeWitt, IA 52742",Branch
Farm Credit Services of America,1812 Hawkeye Ave,"Harlan, IA 51537",Branch
Farm Credit Services of America,3000 Park Street,"Sheldon, IA 51201",Branch
Farm Credit Services of America,3808 Broadway Ave,"Yankton, SD 57078",Branch
Farm Credit Services of America,3675 450th Ave,"Emmetsburg, IA 50536",Branch
Farm Credit Services of America,2216 James Ave,"Mt Pleasant, IA 52641-9300",Branch
Farm Credit Services of America,203 W Merle Hibbs Blvd,"Marshalltown, IA 50158-4861",Branch
Farm Credit Services of America,2125 W 20th ST S,"Newton, IA 50208-9083",Branch
Farm Credit Services of America,5011 S Broadband Lane,"Sioux Falls, SD 57108",Branch
Farm Credit Services of America,4512 S Lakeport ST,"Sioux City, IA 51106-9733",Branch
Frontier Farm Credit,1270 N 300th RD,"Baldwin City, KS 66006-7223",Branch
American AgCredit,5634 10th Street,"Great Bend, KS 67530",Branch
Frontier Farm Credit,2219 Natchez,"Hiawatha, KS 66434",Branch
High Plains Farm Credit,605 Main St,"Larned, KS 67550",Branch
Frontier Farm Credit,2005 Harding DR,"Parsons, KS 67357-8110",Branch
High Plains Farm Credit,290 NE State Rd 61,"Pratt, KS 67124",Branch
American AgCredit,706 S. Main Street,"Pratt, KS 67871",Branch
Frontier Farm Credit,1808 Road G,"Emporia, KS 66801",Branch
American AgCredit,4105 N Ridge RD,"Wichita, KS 67205",Branch
American AgCredit,1501 Soule Street,"Dodge City, KS 67801",Branch
High Plains Farm Credit,408 W. Frontview St.,"Dodge City, KS 67801",Branch
Frontier Farm Credit,835 Pony Express Highway,"Marysville, KS 66508",Branch
Frontier Farm Credit,2009 Vanesta Place,"Manhattan, KS 66503-0368",Branch
American AgCredit,302 Fleming Street,"Garden City, KS 67846",Branch
High Plains Farm Credit,1100 E. 43rd St.,"Hays, KS 67601",Branch
American AgCredit,925 W. Magnolia,"Salina, KS 67401",Branch
American AgCredit,2451 N. Kansas,"Liberal, KS 67901",Branch
High Plains Farm Credit,101 Eagle Drive,"Ness City, KS 67560",Branch
American AgCredit,1422 South Main,"Scott City, KS 67871",Branch
American AgCredit,1902 E 23rd St,"Hutchinson, KS 67502-1116",Branch
High Plains Farm Credit,477 F St,"Phillipsburg, KS 67661",Branch
Farm Credit Mid-America,10020 Nashville Rd,"Bowling Green, KY 42101",Branch
Farm Credit Mid-America,1502 New Columbia Rd,"Campbellsville, KY 42718",Branch
Central Kentucky Agricultural Credit Association,2311 Lawrenceburg Road,"Frankfort, KY 40601-4360",Branch
Farm Credit Mid-America,2800 New Bowling Green Road,"Glasgow, KY 42141",Branch
River Valley AgCredit,12350 US Hwy 60W,"Kevil, KY 42053",Branch
Farm Credit Mid-America,3047 Owingsville Road,"Mt Sterling, KY 40353",Branch
Farm Credit Mid-America,1203 Mt Eden Rd,"Shelbyville, KY 40065",Branch
Central Kentucky Agricultural Credit Association,485 N Danville Byp,"Danville, KY 40422-2802",Branch
Farm Credit Mid-America,1201 Providence Place Parkway,"Lexington, KY 40511",Branch
Farm Credit Mid-America,7112 AA Hwy,"Maysville, KY 41056-8448",Branch
Central Kentucky Agricultural Credit Association,201 Commerce Dr,"Paris, KY 40361",Branch
Farm Credit Mid-America,101 Opportunity Way,"Elizabethtown, KY 42701-5992",Branch
Farm Credit Mid-America,1063 S Hwy 259,"Hardinsburg, KY 40143",Branch
Farm Credit Mid-America,5172 Canton Pike,"Hopkinsville, KY 42240",Branch
River Valley AgCredit,1401 N 12th St,"Murray, KY 42071",Branch
Farm Credit Mid-America,115 Commerce Drive,"Russellville, KY 42276",Branch
River Valley AgCredit,196 U.S. Highway 51 North,"Bardwell, KY 42023",Branch
Farm Credit Mid-America,2211 W Highway 914,"Somerset, KY 42503",Branch
Farm Credit Mid-America,8300 Keach Dr,"Henderson, KY 42420",Branch
Central Kentucky Agricultural Credit Association,2429 Members Way,"Lexington, KY 40504",Branch
Farm Credit Mid-America,3216 Buckland Sq,"Owensboro, KY 42301",Branch
Central Kentucky Agricultural Credit Association,1000 Ival James Blvd,"Richmond, KY 40475",Branch
River Valley AgCredit,545 Dick Castleman Bypass,"Mayfield, KY 42066",Branch
Central Kentucky Agricultural Credit Association,106 Agriculture Way,"Stanford, KY 40484",Branch
River Valley AgCredit,102 N Washington ST,"Clinton, KY 42031-1233",Branch
Central Kentucky Agricultural Credit Association,842 W Main ST,"Lebanon, KY 40033",Branch
First South Farm Credit,3206 S LA 13,"Crowley, LA 70526-1202",Branch
First South Farm Credit,4925 E McNeese St,"Lake Charles, LA 70607",Branch
First South Farm Credit,321 S Main St,"Marksville, LA 71351",Branch
Louisiana Land Bank ACA,5073 I-49 S Service Rd,"Opelousas, LA 70570",Branch
Louisiana Land Bank ACA,3517 Hwy 1 South,"Port Allen, LA 70767",Branch
First South Farm Credit,1725 St Mary Hwy,"Thibodaux, LA 70301",Branch
First South Farm Credit,19550 Old Scenic Hwy.,"Zachary, LA 70791",Branch
Louisiana Land Bank ACA,"594 Gap Farm Rd, Suite A","Arcadia, LA 71001",Branch
First South Farm Credit,1896 Hudson Cir Ste 7,"Monroe, LA 71201",Branch
Louisiana Land Bank ACA,2411 Tower DR,"Monroe, LA 71201",Branch
Southern AgCredit,600 North Vienna Street,"Ruston, LA 71270",Branch
Southern AgCredit,2042 E 70th St,"Shreveport, LA 71105",Branch
Louisiana Land Bank ACA,2137 E Bert Kouns Ind Loop,"Shreveport, LA 71105",Branch
First South Farm Credit,222 N Cedar St,"Tallulah, LA 71282",Branch
Louisiana Land Bank ACA,472 Highway 65 South,"Tallulah, LA 71282",Branch
Louisiana Land Bank ACA,4255 Front Street,"Winnsboro, LA 71295",Branch
First South Farm Credit,811 Jackson Street,"Winnsboro, LA 71295",Branch
First South Farm Credit,1007 Guy Drive,"St Martinville, LA 70582",Branch
First South Farm Credit,60050 Westway Drive,"Amite, LA 70422",Branch
Louisiana Land Bank ACA,"810 C.M. Fagan Dr, Suite B","Hammond, LA 70403",Branch
Farm Credit East,615 Minot Ave,"Auburn, ME 04210",Branch
Farm Credit East,26 Rice St,"Presque Isle, ME 04769-2265",Branch
Horizon Farm Credit,1614 Churchville Rd,"Bel Air, MD 21015",Branch
Horizon Farm Credit,379 Deep Shore Rd,"Denton, MD 21629",Branch
Colonial Farm Credit,7431 Leonardtown Rd,"Hughesville, MD 20637",Branch
Farm Credit of the Virginias,13195 Garrett Hwy,"Oakland, MD 21550",Branch
Farm Credit of the Virginias,13195 Garrett Hwy,"Oakland, MD 21550-4003",Branch
Horizon Farm Credit,45 Aileron Court,"Westminster, MD 21157",Branch
Horizon Farm Credit,102 Morgnec Rd,"Chestertown, MD 21620-0900",Branch
Horizon Farm Credit,1035 Ocean Hwy,"Pocomoke, MD 21851-0270",Branch
Horizon Farm Credit,6546 Mid Atlantic Lane,"Salisbury, MD 21804",Branch
Horizon Farm Credit,125 Prosperity Dr,"Winchester, VA 22604",Branch
Farm Credit East,785 Hartford Pike,"Dayville, CT 06241-1739",Branch
Farm Credit East,240 South Road,"Enfield, CT 06082-4451",Branch
Farm Credit East,67 Bedford Street,"Middleboro, MA 02346",Branch
Farm Credit East,2 Constitution Drive,"Bedford, NH 03110-6010",Branch
Farm Credit East,190 NY Route 9H,"Hudson, NY 12534-3819",Branch
GreenStone Farm Credit Services,1517 Lincoln Rd.,"Allegan, MI 49010",Branch
GreenStone Farm Credit Services,2200 M-32 W.,"Alpena, MI 49707",Branch
GreenStone Farm Credit Services,3949 S. Three Mile Rd.,"Bay City, MI 48706",Branch
GreenStone Farm Credit Services,"1801 N. Lincoln Rd., Ste. A","Escanaba, MI 49829",Branch
GreenStone Farm Credit Services,3491 Hartman Rd.,"Traverse City, MI 49685",Branch
GreenStone Farm Credit Services,8302 Edgewood Rd.,"Berrien Springs, MI 49103",Branch
GreenStone Farm Credit Services,500 Olds Street,"Jonesville, MI 49250",Branch
GreenStone Farm Credit Services,100 Spring St.,"Concord, MI 49237",Branch
GreenStone Farm Credit Services,1075 N. Mission St.,"Mt Pleasant, MI 48858",Branch
GreenStone Farm Credit Services,722 W. Lawrence Ave.,"Charlotte, MI 48813",Branch
GreenStone Farm Credit Services,1104 S. US Highway 27,"St Johns, MI 48879",Branch
GreenStone Farm Credit Services,2942 W. Monroe Rd.,"Alma, MI 48801",Branch
GreenStone Farm Credit Services,455 Lake Nepessing Rd.,"Lapeer, MI 48446",Branch
GreenStone Farm Credit Services,749 S. Van Dyke Rd.,"Bad Axe, MI 48413",Branch
GreenStone Farm Credit Services,3515 West RD Ste 100,"East Lansing, MI 48823",Branch
GreenStone Farm Credit Services,1962 S. State Rd.,"Ionia, MI 48846",Branch
GreenStone Farm Credit Services,3225 Walker Ave. N.W.,"Grand Rapids, MI 49544",Branch
GreenStone Farm Credit Services,225 W. Lyons St.,"Schoolcraft, MI 49087",Branch
GreenStone Farm Credit Services,5285 W. US Highway 223,"Adrian, MI 49221",Branch
GreenStone Farm Credit Services,7597 S. Mackinaw Trl.,"Cadillac, MI 49601",Branch
GreenStone Farm Credit Services,1040 W. Highland Rd.,"Howell, MI 48843",Branch
GreenStone Farm Credit Services,3486 W. Polk Rd.,"Hart, MI 49420",Branch
GreenStone Farm Credit Services,8897 W. Tamarack Rd.,"Lakeview, MI 48850",Branch
GreenStone Farm Credit Services,15615 S. Telegraph Rd.,"Monroe, MI 48161",Branch
GreenStone Farm Credit Services,11020 Gratiot Rd.,"Saginaw, MI 48609",Branch
GreenStone Farm Credit Services,704 W. Corunna Ave.,"Corunna, MI 48817",Branch
GreenStone Farm Credit Services,700 W Sanilac RD,"Sandusky, MI 48471-9547",Branch
GreenStone Farm Credit Services,7530 Jackson Rd.,"Ann Arbor, MI 48103",Branch
GreenStone Farm Credit Services,1570 Cleaver Rd.,"Caro, MI 48723",Branch
AgCountry Farm Credit Services,873 Hwy 10 East,"Detroit Lakes, MN 56501",Branch
AgCountry Farm Credit Services,907 Prairie Pines Dr.,"Fosston, MN 56542",Branch
Compeer Financial,1710 E 10th St,"Glencoe, MN 55336",Branch
AgCountry Farm Credit Services,316 East 1st Street,"Graceville, MN 56240",Branch
Compeer Financial,806 3rd St South,"Waite Park, MN 56387",Branch
Compeer Financial,540 Baldwin Plaza Drive,"Baldwin, WI 54002",Branch
Compeer Financial,1700 Giant Dr,"Blue Earth, MN 56013",Branch
AgCountry Farm Credit Services,4401 Highway 71 South,"Willmar, MN 56201",Branch
AgCountry Farm Credit Services,1900 44th St South,"Fargo, ND 58103",Branch
Compeer Financial,2912 Pioneer Ave,"Rice Lake, WI 54868",Branch
Compeer Financial,1791 Diagonal Road,"Worthington, MN 56187",Branch
AgCountry Farm Credit Services,1022 Broadway Street,"Alexandria, MN 56308",Branch
Compeer Financial,21088 Keswick Loop,"Lakeville, MN 55044-6717",Branch
Compeer Financial,7540 Airport View Drive SW,"Rochester, MN 55902",Branch
AgCountry Farm Credit Services,17 First Street NE,"Elbow Lake, MN 56531",Branch
AgCountry Farm Credit Services,224 N Atlantic Ave,"Hallock, MN 56728",Branch
AgCountry Farm Credit Services,112 5th Ave,"Madison, MN 56256-1465",Branch
AgCountry Farm Credit Services,302 S O'Connell St,"Marshall, MN 56258",Branch
AgCountry Farm Credit Services,208 Third Ave NW,"Roseau, MN 56751",Branch
AgCountry Farm Credit Services,406 N McKinley St,"Warren, MN 56762",Branch
Compeer Financial,1921 Premier Dr,"Mankato, MN 56001",Branch
AgCountry Farm Credit Services,530 Fisher Avenue,"Crookston, MN 56716",Branch
AgCountry Farm Credit Services,311 North Tower Road,"Fergus Falls, MN 56537",Branch
AgCountry Farm Credit Services,2044 State Hwy 1 NE,"Thief River Falls, MN 56701-2566",Branch
AgCountry Farm Credit Services,103 Atlantic Avenue So,"Morris, MN 56267",Branch
AgCountry Farm Credit Services,1701 West Lincoln Ave,"Olivia, MN 56277",Branch
AgCountry Farm Credit Services,161 County Highway 101,"Redwood Falls, MN 56283",Branch
AgCountry Farm Credit Services,1982 Two Ten Drive,"Wahpeton, ND 58075",Branch
Southern AgCredit,130 S Whitworth Ave,"Brookhaven, MS 39601",Branch
Mississippi Land Bank,3598-A Hwy 61 North,"Cleveland, MS 38732",Branch
Mississippi Land Bank,2101 Hwy 72 East,"Corinth, MS 38834",Branch
First South Farm Credit,1021 Hwy 82 East,"Leland, MS 38756",Branch
First South Farm Credit,501 Apache Dr,"McComb, MS 39648",Branch
First South Farm Credit,914 Van Buren Ave,"Oxford, MS 38655",Branch
First South Farm Credit,260 Trace Colony Park Drive,"Ridgeland, MS 39157",Branch
Mississippi Land Bank,P O Box 971,"Senatobia, MS 38668",Branch
First South Farm Credit,1626 N. Veterans Memorial Blvd. Suite C,"Tupelo, MS 38804",Branch
First South Farm Credit,306 E Jefferson St,"Aberdeen, MS 39730",Branch
First South Farm Credit,1009 North Main Street,"Calhoun City, MS 38916",Branch
Southern AgCredit,2217 Highway 82 West,"Greenwood, MS 38930",Branch
First South Farm Credit,1703 Hwy. 82 West,"Greenwood, MS 38930",Branch
Southern AgCredit,306 Commerce Center Drive,"Ridgeland, MS 39157",Branch
First South Farm Credit,"1089D Stark Road, Suite 3","Starkville, MS 39759",Branch
Mississippi Land Bank,3517 Tom Watson Dr,"Saltillo, MS 38866",Branch
First South Farm Credit,505 E Second Street,"Clarksdale, MS 38614",Branch
Mississippi Land Bank,2653 N State St,"Clarksdale, MS 38614",Branch
First South Farm Credit,4 Thompson Park,"Hattiesburg, MS 39401-8263",Branch
First South Farm Credit,23 Dunnbarr,"Laurel, MS 39440",Branch
First South Farm Credit,197 George Payne Cossar Blvd.,"Charleston, MS 38921",Branch
Southern AgCredit,12196 Highway 49,"Gulfport, MS 39503",Branch
First South Farm Credit,122 Main Street,"Indianola, MS 38751",Branch
FCS Financial,108 North Prosperity,"Joplin, MO 64801",Branch
FCS Financial,509 HBC Road,"Macon, MO 63552-3700",Branch
FCS Financial,27186 282nd Street,"Maryville, MO 64468",Branch
FCS Financial,2810 E Liberty St,"Mexico, MO 65265",Branch
FCS Financial,1925 N Osage Blvd,"Nevada, MO 64772",Branch
FCS Financial,2109 S Riverside Rd,"St Joseph, MO 64507",Branch
FCS Financial,2800 Woodard Drive,"Columbia, MO 65202-2614",Branch
Farm Credit Southeast Missouri,1114 N Outer Rd,"Dexter, MO 63841",Branch
FCS Financial,30405 SE Outer Road,"Harrisonville, MO 64701",Branch
Farm Credit Southeast Missouri,420 W Washington,"Jackson, MO 63755",Branch
Farm Credit Southeast Missouri,811 S Bypass,"Kennett, MO 63857",Branch
Farm Credit Southeast Missouri,791 S Hwy 105,"Charleston, MO 63834",Branch
Farm Credit Southeast Missouri,107 E Outer RD,"Poplar Bluff, MO 63901",Branch
Farm Credit Southeast Missouri,501 W State Hwy 162,"Portageville, MO 63873",Branch
FCS Financial,2600 S Limit,"Sedalia, MO 65301",Branch
Farm Credit Southeast Missouri,1110 N Main,"Sikeston, MO 63801",Branch
FCS Financial,1405 N Walnut St,"Cameron, MO 64429",Branch
FCS Financial,2880 N Washington St,"Chillicothe, MO 64601",Branch
FCS Financial,936 Alexis Avenue,"Lebanon, MO 65536",Branch
FCS Financial,1360 N Lexington Ave,"Marshall, MO 65340-9159",Branch
FCS Financial,500 South State Hwy B,"Springfield, MO 65802-9109",Branch
FCS Financial,1930 E Miller St,"Jefferson City, MO 65101",Branch
FCS Financial,300 Hwy 50 West,"Union, MO 63084",Branch
FCS Financial,1005 Porter Wagoner Blvd,"West Plains, MO 65775",Branch
FCS Financial,150 Walker Drive,"Farmington, MO 63640",Branch
FCS Financial,4100 Highway 13 Blvd,"Higginsville, MO 64037",Branch
FCS Financial,1051 Peruque Crossing Ct,"O'Fallon, MO 63366",Branch
FCS Financial,3200 Hwy 61,"Hannibal, MO 63401",Branch
AgWest Farm Credit,3490 Gabel Road,"Billings, MT 59102-7302",Branch
AgWest Farm Credit,2530 Honor Lane,"Bozeman, MT 59718",Branch
AgWest Farm Credit,134 E Reeder St,"Dillon, MT 59725-3803",Branch
AgWest Farm Credit,1705 US Hwy 2 NW,"Havre, MT 59501-3427",Branch
AgWest Farm Credit,502 S Haynes Ave.,"Miles City, MT 59301-4749",Branch
AgWest Farm Credit,54147 US Hwy 2,"Glasgow, MT 59230-1568",Branch
AgWest Farm Credit,700 River Dr S,"Great Falls, MT 59405-1810",Branch
AgWest Farm Credit,3021 Palmer St,"Missoula, MT 59808-1672",Branch
AgWest Farm Credit,123 N Central Ave,"Sidney, MT 59270-4119",Branch
AgWest Farm Credit,519 S Main,"Conrad, MT 59425-2528",Branch
AgWest Farm Credit,120 Wunderlin St,"Lewistown, MT 59457-2358",Branch
Farm Credit Services of America,2555 South E Street,"Broken Bow, NE 68822",Branch
Farm Credit Services of America,3333 W Faidley Ave,"Grand Island, NE 68803",Branch
Farm Credit Services of America,4070 East 56th Street,"Kearney, NE 68847",Branch
Farm Credit Services of America,207 N 34th St,"Norfolk, NE 68701",Branch
Farm Credit Services of America,197 W. State Farm Road,"North Platte, NE 69101",Branch
Farm Credit Services of America,411 Valley View DR,"Scottsbluff, NE 69361-1482",Branch
Farm Credit Services of America,2390 Highway 2,"Alliance, NE 69301-6098",Branch
Farm Credit Services of America,4865 Old Monastery Road,"Columbus, NE 68601",Branch
Farm Credit Services of America,507 E Highway 20,"O'Neill, NE 68763",Branch
Farm Credit Services of America,4101 N 6th St,"Beatrice, NE 68310",Branch
Farm Credit Services of America,686 E 3rd ST,"Imperial, NE 69033-3303",Branch
Farm Credit Services of America,855 Fallbrook Rd,"Lincoln, NE 68524",Branch
Farm Credit Services of America,1806 N Highway 83,"Mccook, NE 69001",Branch
American AgCredit,285 Tenth Street,"Elko, NV 89801",Branch
Farm Credit East,250 Commerce Way,"Derby, VT 05829",Branch
Farm Credit East,52 FarmVu Dr,"White River Junction, VT 05001",
Farm Credit East,29 Landis Avenue,"Bridgeton, NJ 08302-4396",Branch
Farm Credit East,9 County Road 618,"Lebanon, NJ 08833-3028",Branch
American AgCredit,5651 Balloon Fiesta Parkway NE,"Albuquerque, NM 87113",Branch
AgTrust Farm Credit,19554 Hwy. 314,"Belen, NM 87002",Branch
AgTrust Farm Credit,4501 N Prince St,"Clovis, NM 88101",Branch
American AgCredit,301 West Llano Estacado,"Clovis, NM 88101",Branch
AgTrust Farm Credit,"1338 Picacho Hills Dr., Suite #1","Las Cruces, NM 88007",Branch
American AgCredit,2800 Las Vegas CT,"Las Cruces, NM 88007-4164",Branch
American AgCredit,1300 W Country Club Rd,"Roswell, NM 88201-5169",Branch
American AgCredit,323 S Second St,"Tucumcari, NM 88401",Branch
Farm Credit East,7397 NY Route 80,"Cooperstown, NY 13326-3307",Branch
Farm Credit East,1 Technology Place,"Homer, NY 13077-1526",Branch
Farm Credit East,1450 NY Route 14,"Phelps, NY 14532-9542",Branch
Farm Credit East,1155 Airport Road,"Hornell, NY 14843-9144",Branch
Farm Credit East,28 E Chautauqua St,"Mayville, NY 14757-0163",Branch
Farm Credit East,1281 NY Route 58,"Riverhead, NY 11901-2097",Branch
Farm Credit East,130 Upper Weldon St,"St Albans, VT 05478",
Farm Credit East,4363 Federal Drive,"Batavia, NY 14020-4105",Branch
Farm Credit East,1 Pioneer Drive,"Potsdam, NY 13676-3273",Branch
Farm Credit East,320 Exchange St,"Middlebury, VT 05753",
Farm Credit East,25417 NY Route 12,"Watertown, NY 13601-5730",Branch
Farm Credit East,394 NY Route 29,"Greenwich, NY 12834-2650",Branch
AgSouth Farm Credit,620 N First St,"Albemarle, NC 28001",Branch
AgSouth Farm Credit,2186 US Highway 220 North,"Ellerbe, NC 28338",Branch
AgSouth Farm Credit,225 N Main St,"Graham, NC 27253",Branch
AgSouth Farm Credit,545 E Main St,"Jefferson, NC 28640",Branch
AgSouth Farm Credit,282 N Main St,"Sparta, NC 28675",Branch
AgSouth Farm Credit,1218 NC Hwy 90 West,"Taylorsville, NC 28681",Branch
AgCarolina Farm Credit,408 North Carolina 561 West,"Ahoskie, NC 27910",Branch
AgSouth Farm Credit,701 Brevard Rd,"Asheville, NC 28806",Branch
AgSouth Farm Credit,1109 Conover Blvd E,"Conover, NC 28613",Branch
AgCarolina Farm Credit,108 N Poplar St,"Elizabethtown, NC 28337",Branch
AgCarolina Farm Credit,300 Liberty St,"Whiteville, NC 28472",Branch
AgCarolina Farm Credit,1105 Garrett Rd.,"Williamston, NC 27892",Branch
AgCarolina Farm Credit,101 Impact Blvd.,"Elizabeth City, NC 27909",Branch
AgCarolina Farm Credit,1309 S. Glenburnie Rd.,"New Bern, NC 28561",Branch
AgSouth Farm Credit,607 Leasburg Rd,"Roxboro, NC 27573",Branch
AgSouth Farm Credit,105 Hiwassee St,"Murphy, NC 28906",Branch
AgSouth Farm Credit,1216 Fallston Rd,"Shelby, NC 28150",Branch
AgSouth Farm Credit,110 E Beaver St,"Siler City, NC 27344",Branch
AgSouth Farm Credit,1001 S State St,"Yadkinville, NC 27055",Branch
AgCarolina Farm Credit,127 Beasley Street,"Kenansville, NC 28349",Branch
AgSouth Farm Credit,813 W Hwy 150,"Lincolnton, NC 28092",Branch
AgCarolina Farm Credit,222 N. Bickett Blvd.,"Louisburg, NC 27549",Branch
AgCarolina Farm Credit,2472 Woodruff Rd.,"Rocky Mount, NC 27804",Branch
AgSouth Farm Credit,340 Bethania Rural Hall Rd,"Rural Hall, NC 27045",Branch
AgSouth Farm Credit,4960 Oldway Rd,"Browns Summit, NC 27214",Branch
AgCarolina Farm Credit,636 Rock Spring RD,"Greenville, NC 27834",Branch
AgCarolina Farm Credit,419 S. King St.,"Halifax, NC 27839",Branch
AgCarolina Farm Credit,400 W Broad Street,"Dunn, NC 28334",Branch
AgCarolina Farm Credit,331 S Main St,"Raeford, NC 28376",Branch
AgCarolina Farm Credit,13191 US Hwy 264,"Swan Quarter, NC 27885",Branch
AgSouth Farm Credit,4444 US HWY 15-501,"Carthage, NC 28327",Branch
AgCarolina Farm Credit,7900 Hwy. 70 West,"LaGrange, NC 28551",Branch
AgCarolina Farm Credit,2850 US Hwy. 70 Bus. East,"Smithfield, NC 27577",Branch
AgSouth Farm Credit,1704 Wilkesboro Rd,"Statesville, NC 28625",Branch
AgSouth Farm Credit,502 W Main St,"Burnsville, NC 28714",Branch
AgSouth Farm Credit,2351 Concord Avenue,"Monroe, NC 28112",Branch
AgSouth Farm Credit,405 Oak St,"Spindale, NC 28160",Branch
AgCarolina Farm Credit,811 S Walker Street,"Burgaw, NC 28425",Branch
AgSouth Farm Credit,251 Rock Crusher Rd,"Asheboro, NC 27203",Branch
AgCarolina Farm Credit,1902 N Cedar St,"Lumberton, NC 28358",Branch
AgCarolina Farm Credit,1780 Southeast Blvd,"Clinton, NC 28328",Branch
AgSouth Farm Credit,698 S Key St,"Pilot Mountain, NC 27041",Branch
AgCarolina Farm Credit,4000 Poole Rd.,"Raleigh, NC 27610",Branch
AgSouth Farm Credit,902 Curtis Bridge Rd,"Wilkesboro, NC 28697",Branch
AgCountry Farm Credit Services,1308 Highway 5 NE,"Bottineau, ND 58318",Branch
Farm Credit Services of Mandan,107 Hwy 12 West,"Bowman, ND 58623",Branch
Farm Credit Services of Mandan,1300 Roughrider Blvd,"Dickinson, ND 58601-6806",Branch
AgCountry Farm Credit Services,1650 9th Ave SE,"Rugby, ND 58368",Branch
AgCountry Farm Credit Services,220 Winter Show Road SW,"Valley City, ND 58072",Branch
AgCountry Farm Credit Services,200 1st Street SW,"LaMoure, ND 58458",Branch
Farm Credit Services of Mandan,1600 Old Red Trail,"Mandan, ND 58554",Branch
AgCountry Farm Credit Services,1400 31st Ave SW,"Minot, ND 58702",Branch
AgCountry Farm Credit Services,1802 13th Ave W,"Williston, ND 58801",Branch
AgCountry Farm Credit Services,385 Highway 281 NE,"Carrington, ND 58421",Branch
AgCountry Farm Credit Services,4350 32nd Avenue South,"Grand Forks, ND 58208-3570",Branch
Farm Credit Services of Mandan,1207 Beaver Avenue,"Wishek, ND 58495",Branch
Farm Credit Services of Mandan,108 First Ave East,"Carson, ND 58529",Branch
Farm Credit Services of Mandan,213 Hwy 49 North,"Beulah, ND 58523",Branch
Farm Credit Services of Mandan,1157 Border Lane,"Washburn, ND 58577",Branch
AgCountry Farm Credit Services,300 Main Street West,"Cavalier, ND 58220",Branch
AgCountry Farm Credit Services,707 Hwy 2 East,"Devils Lake, ND 58301",Branch
AgCountry Farm Credit Services,604 Main Street,"Lisbon, ND 58054",Branch
AgCountry Farm Credit Services,2506 3rd Ave SW,"Jamestown, ND 58401",Branch
AgCountry Farm Credit Services,1005 Hill Ave,"Grafton, ND 58237-2225",Branch
AgCountry Farm Credit Services,802 W Caledonia Ave,"Hillsboro, ND 58045",Branch
Farm Credit Mid-America,2368 Blizzard Lane,"Albany, OH 45710",Branch
Farm Credit Mid-America,1625 E 5th St,"Delphos, OH 45833",Branch
Farm Credit Mid-America,875 N Lexington-Springmill Rd,"Mansfield, OH 44906",Branch
Farm Credit Mid-America,100 Grieshop Street,"Mt. Orab, OH 45154",Branch
Farm Credit Mid-America,300 N Maple St,"Orwell, OH 44076",Branch
Farm Credit Mid-America,1980 W Main Street,"Alliance, OH 44601",Branch
Farm Credit Mid-America,8971 Whitaker Rd,"Cambridge, OH 43725",Branch
Farm Credit Mid-America,312 Eaton Lewisburg Rd,"Eaton, OH 45320",Branch
Farm Credit Mid-America,2241 Troy Rd,"Springfield, OH 45504",Branch
Ag Credit,3113 SR 98,"Bucyrus, OH 44820-0488",Branch
Farm Credit Mid-America,1540 US Hwy 62 SW,"Washington Court House, OH 43160",Branch
Farm Credit Mid-America,23052 St Rt 34,"Stryker, OH 43557",Branch
Ag Credit,735 A US Highway 20 East,"Norwalk, OH 44857",Branch
Farm Credit Mid-America,3910 Johnsontown-Utica Rd NE,"Utica, OH 43080",Branch
Farm Credit Mid-America,10539 Kley Rd,"Versailles, OH 45380",Branch
Farm Credit Mid-America,1640 North Main St,"Bellefontaine, OH 43311",Branch
Ag Credit,7868 County Road 140,"Findlay, OH 45840-1819",Branch
Ag Credit,PO Box 203,"Kenton, OH 43326-2601",Branch
Ag Credit,1485 N Scott St,"Napoleon, OH 43545",Branch
Farm Credit Mid-America,28184 Scippo Creek Road,"Circleville, OH 43113",Branch
Farm Credit Mid-America,382 W Liberty St,"Wooster, OH 44691",Branch
Ag Credit,111 E Gypsy Lane Rd,"Bowling Green, OH 43402",Branch
Ag Credit,104 Pinnacle Drive,"Fremont, OH 43420-7400",Branch
Ag Credit,311 Maple St.,"Wellington, OH 44090",Branch
Farm Credit Mid-America,1225 Irmscher Blvd,"Celina, OH 45822-8310",Branch
Ag Credit,1100 E Center St,"Marion, OH 43302-4498",Branch
Ag Credit,5362 US Highway 42,"Mount Gilead, OH 43338-1145",Branch
Ag Credit,839 N Williams ST,"Paulding, OH 45879",Branch
Ag Credit,1195 Professional Dr,"Van Wert, OH 45891-2462",Branch
Ag Credit,315 W Williamstown RD,"Ottawa, OH 45875",Branch
Ag Credit,2500 W Market ST,"Tiffin, OH 44883-9799",Branch
Ag Credit,97 Houpt Dr,"Upper Sandusky, OH 43351",Branch
Oklahoma AgCredit,2801 W University Blvd,"Durant, OK 74701",Branch
Farm Credit of Western Oklahoma,101 Carter Road,"Elk City, OK 73644",Branch
Oklahoma AgCredit,805 Chisholm Trail,"Enid, OK 73702",Branch
Farm Credit of Western Oklahoma,2143 Hwy 64 North,"Guymon, OK 73942",Branch
Oklahoma AgCredit,17765 U. S. Hwy 81,"Kingfisher, OK 73750",Branch
Oklahoma AgCredit,2810 W. Shawnee Bypass,"Muskogee, OK 74401",Branch
Oklahoma AgCredit,1420 N. Clarence Nash Blvd,"Watonga, OK 73772",Branch
Farm Credit of Western Oklahoma,513 S. Mission,"Anadarko, OK 73005",Branch
Oklahoma AgCredit,2507 North Rockford Rd,"Ardmore, OK 73401",Branch
Oklahoma AgCredit,1027 W. Choctaw,"Chickasha, OK 73018",Branch
Oklahoma AgCredit,2108 SE Washington,"Idabel, OK 74745",Branch
Farm Credit of Western Oklahoma,3120 N Main ST,"Altus, OK 73521-1305",Branch
Oklahoma AgCredit,1902 S. Hwy 81,"Duncan, OK 73533",Branch
Oklahoma AgCredit,"2801 N. Kickapoo, Suite B","Shawnee, OK 74802",Branch
Farm Credit of Western Oklahoma,4955 Farm Credit Drive,"Tuttle, OK 73089",Branch
Oklahoma AgCredit,265 W. Dwain Willis Ave,"Vinita, OK 74301",Branch
Oklahoma AgCredit,601 E. Kenosha St.,"Broken Arrow, OK 74012",Branch
Farm Credit of Western Oklahoma,2600 Modelle,"Clinton, OK 73601",Branch
Oklahoma AgCredit,519 E 32nd Ave,"Stillwater, OK 74074",Branch
Farm Credit of Western Oklahoma,3302 Williams Ave,"Woodward, OK 73801",Branch
Farm Credit of Western Oklahoma,219 Oklahoma Blvd,"Alva, OK 73717",Branch
Oklahoma AgCredit,509 W. Paul,"Pauls Valley, OK 73075",Branch
Oklahoma AgCredit,1104 S. George Nigh Expressway,"McAlester, OK 74501",Branch
Oklahoma AgCredit,536 Leahy Ave,"Pawhuska, OK 74056",Branch
Oklahoma AgCredit,28824 State Hwy 112,"Poteau, OK 74953",Branch
AgWest Farm Credit,3370 10th St,"Baker City, OR 97814-1467",Branch
AgWest Farm Credit,"15220 NW Greenbrier Parkway, Suite 105","Beaverton, OR 97006",Branch
AgWest Farm Credit,94482 Highway 99 E,"Junction City , OR 97448",Branch
AgWest Farm Credit,2222 NW Kline St,"Roseburg, OR 97471-1739",Branch
AgWest Farm Credit,12 SW Nye Ave,"Pendleton, OR 97801-4103",Branch
AgWest Farm Credit,2950 SW 6th Street,"Redmond, OR 97756",Branch
AgWest Farm Credit,3591 Klindt Dr,"The Dalles, OR 97058-3688",Branch
AgWest Farm Credit,380 Farm Credit Drive SE,"Salem, OR 97301-5895",Branch
Horizon Farm Credit,610 Evans City Rd,"Butler, PA 16001",Branch
Horizon Farm Credit,2322 Curryville Road,"Martinsburg, PA 16662",Branch
Horizon Farm Credit,921 S Center Ave,"Hunker, PA 15639",Branch
Horizon Farm Credit,1513 Main St,"Shoemakersville, PA 19555",Branch
Horizon Farm Credit,1434 Seven Valleys Road,"York, PA 17408",Branch
Horizon Farm Credit,1 Buffalo Street,"Coudersport, PA 16915",Branch
Horizon Farm Credit,24668 US 6,"Towanda, PA 18848-9278",Branch
Horizon Farm Credit,450 International DR,"Lewisburg, PA 17837",Branch
Horizon Farm Credit,45 Sheetz DR,"Reedsville, PA 17084",Branch
Horizon Farm Credit,109 Farm Credit Dr,"Chambersburg, PA 17202",Branch
Horizon Farm Credit,11555 State Hwy 98,"Meadville, PA 16335",Branch
Horizon Farm Credit,15 Eby Chiques RD,"Mount Joy, PA 17552",Branch
AgSouth Farm Credit,951 E Pine Log Rd,"Aiken, SC 29803",Branch
AgSouth Farm Credit,4930 Burtons Ferry Hwy,"Allendale, SC 29810",Branch
AgSouth Farm Credit,1325 Pearman Dairy Rd (28 Bypass),"Anderson, SC 29625",Branch
AgSouth Farm Credit,306 Hillcrest Dr,"Laurens, SC 29360",Branch
AgSouth Farm Credit,1880 Joe S Jeffords Hwy,"Orangeburg, SC 29115",Branch
AgSouth Farm Credit,1321 Springdale Rd,"Rock Hill, SC 29730",Branch
AgSouth Farm Credit,101 North Town Drive,"Spartanburg, SC 29303",Branch
AgSouth Farm Credit,2630 Colonel Thomson Hwy,"St Matthews, SC 29135",Branch
AgSouth Farm Credit,702 Kate Lane,"Summerville, SC 29483",Branch
AgSouth Farm Credit,529 Bells Hwy,"Walterboro, SC 29488",Branch
ArborOne Farm Credit,800 Woody Jones Blvd.,"Florence, SC 29501",Branch
AgSouth Farm Credit,951 Hwy 1 South,"Lugoff, SC 29078",Branch
ArborOne Farm Credit,900-C Main St.,"Conway, SC 29526",Branch
AgSouth Farm Credit,109 East Church Street,"Batesburg-Leesville, SC 29070",Branch
Farm Credit Services of America,4835 6th Ave SE,"Aberdeen, SD 57401-0908",Branch
Farm Credit Services of America,81 33rd ST SW,"Huron, SD 57350-5501",Branch
Farm Credit Services of America,401 Cabela Dr,"Mitchell, SD 57301",Branch
Farm Credit Services of America,2505 E 4th Street,"Pierre, SD 57501",Branch
Farm Credit Services of America,2510 N Plaza Dr,"Rapid City, SD 57702",Branch
Farm Credit Services of America,1114 29th St S E,"Watertown, SD 57201",Branch
Farm Credit Services of America,322 First Avenue East,"Mobridge, SD 57601",Branch
Farm Credit Mid-America,812 Congress Pkwy N,"Athens, TN 37303",Branch
River Valley AgCredit,2620 APD 40,"Cleveland, TN 37320",Branch
Farm Credit Mid-America,1285 S Walnut Ave,"Cookeville, TN 38501",Branch
Farm Credit Mid-America,800 Morrow St,"Dresden, TN 38225",Branch
Farm Credit Mid-America,716 Callahan Dr,"Knoxville, TN 37912",Branch
Farm Credit Mid-America,676 Pistole Ln,"McMinnville, TN 37110",Branch
River Valley AgCredit,600 US Hwy 127 Bypass,"Pikeville, TN 37367",Branch
Farm Credit Mid-America,1908 Madison St,"Shelbyville, TN 37160",Branch
Farm Credit Mid-America,109 Centre Park Dr,"Johnson City, TN 37615",Branch
Farm Credit Mid-America,813 S Church St,"Murfreesboro, TN 37130",Branch
Farm Credit Mid-America,18075 US-64,"Somerville, TN 38068-6169",Branch
Farm Credit Mid-America,5189 Hwy 41 N,"Springfield, TN 37172",Branch
Farm Credit Mid-America,100 Nevada Ave,"Greeneville, TN 37745-3409",Branch
Farm Credit Mid-America,104 Brighton Dr,"Humboldt, TN 38343",Branch
Farm Credit Mid-America,710 Henslee Dr,"Dickson, TN 37055",Branch
Farm Credit Mid-America,800 US 51 North,"Ripley, TN 38063",Branch
Farm Credit Mid-America,4 Chenault Ford Rd,"Fayetteville, TN 37334",Branch
Farm Credit Mid-America,449 Crews Street,"Lawrenceburg, TN 38464",Branch
Farm Credit Mid-America,7605 Hamilton Park Drive,"Chattanooga, TN 37421",Branch
River Valley AgCredit,1117 Congress Parkway,"Athens, TN 37303",Branch
River Valley AgCredit,2052 Hwy 72,"Loudon, TN 37774",Branch
Farm Credit Mid-America,1630 Nashville Hwy,"Columbia, TN 38401",Branch
Farm Credit Mid-America,1212 South Hartmann Drive,"Lebanon, TN 37090",Branch
River Valley AgCredit,230 Main Street,"Dayton, TN 37321",Branch
AgTexas Farm Credit Services,2001 S Soncy Road,"Amarillo, TX 79124",Branch
Plains Land Bank,5625 Fulton Drive,"Amarillo, TX 79109-4212",Branch
Capital Farm Credit,101 N 22nd Street,"Lamesa, TX 79331",Branch
Texas Farm Credit Services,2003 N John Redditt DR,"Lufkin, TX 75904",Branch
Texas Farm Credit Services,3338 Park Street,"Nacogdoches, TX 75961",Branch
Texas Farm Credit Services,2519 North Stallings Drive,"Nacogdoches, TX 75964",Branch
Texas Farm Credit Services,"2209 South Loop 256, Suite #200","Palestine, TX 75801",Branch
Texas Farm Credit Services,545 S Hwy 77,"Robstown, TX 78380",Branch
Capital Farm Credit,3749 FM 1889,"Robstown, TX 78380",Branch
Capital Farm Credit,5111 College Avenue,"Snyder, TX 79549",Branch
Texas Farm Credit Services,4608 Kinsey Drive,"Tyler, TX 75703",Branch
Capital Farm Credit,5363 Kell Blvd West,"Wichita Falls, TX 76308",Branch
Texas Farm Credit Services,3272 Hwy 16S,"Bandera, TX 78003",Branch
Capital Farm Credit,8 E Palm Street,"Bellville, TX 77418",Branch
Texas Farm Credit Services,1301 Highway 290 E,"Brenham, TX 77833",Branch
Central Texas Farm Credit,550 S 2nd St,"Haskell, TX 79521",Branch
AgTexas Farm Credit Services,1502 W. 1st St.,"Hereford, TX 79045",Branch
Capital Farm Credit,1760 East State Hwy 97,"Jourdanton, TX 78026",Branch
Capital Farm Credit,1001 Sidney Baker Street,"Kerrville, TX 78028",Branch
Capital Farm Credit,456 N Jefferson,"LaGrange, TX 78945",Branch
Capital Farm Credit,1601 W American Blvd,"Muleshoe, TX 79347",Branch
Capital Farm Credit,151 S Munday Avenue,"Munday, TX 76371",Branch
Texas Farm Credit Services,802 W. Oaklawn,"Pleasanton, TX 78064",Branch
Capital Farm Credit,2704 Medical Parkway,"Taylor, TX 76574",Branch
Capital Farm Credit,702 W 5th Street,"Clifton, TX 76634",Branch
AgTrust Farm Credit,4411 South Interstate 35,"Georgetown, TX 78626",Branch
Capital Farm Credit,403 N Sunset Strip Hwy 181,"Kenedy, TX 78119",Branch
Texas Farm Credit Services,16011 Via Shavano,"San Antonio, TX 78249",Branch
Capital Farm Credit,"2330 Loop 1604 West, Ste. 110","San Antonio, TX 78248",Branch
AgTrust Farm Credit,400 E 3rd St,"Sweetwater, TX 79556",Branch
Capital Farm Credit,2115 Bird Creek Terrace,"Temple, TX 76533",Branch
Capital Farm Credit,108 W Avenue E,"Alpine, TX 79830",Branch
Capital Farm Credit,2013 Avenue C,"Bay City, TX 77414",Branch
Capital Farm Credit,3902 S Traditions Drive,"College Station, TX 77845",Branch
Capital Farm Credit,1807 North Mechanic,"El Campo, TX 77437",Branch
Capital Farm Credit,707 Bailey Street,"Matador, TX 79244",Branch
AgTrust Farm Credit,516 James Bowie Dr,"New Boston, TX 75570",Branch
AgTexas Farm Credit Services,104 I-27 Frontage,"Plainview, TX 79072",Branch
Plains Land Bank,3102 W 7th ST,"Plainview, TX 79072",Branch
Texas Farm Credit Services,1305 Shannon RD E,"Sulphur Spgs, TX 75482-3043",Branch
Capital Farm Credit,"1217 E. S. 11th, Suite A","Abilene, TX 79602",Branch
Central Texas Farm Credit,1026 Early Blvd,"Early, TX 76802",Branch
Capital Farm Credit,"101 N Pierce St, Suite 1","Burnet, TX 78611",Branch
Central Texas Farm Credit,215 West Elm Street,"Coleman, TX 76834",Branch
Capital Farm Credit,808 N Wells Street,"Edna, TX 77957",Branch
AgTrust Farm Credit,413 S Western Ave,"Lampasas, TX 76550",Branch
Capital Farm Credit,1420 S Colorado,"Lockhart, TX 78644",Branch
AgTexas Farm Credit Services,3145 W. Washington,"Stephenville, TX 76401",Branch
Texas Farm Credit Services,7185 I-10 South,"Beaumont, TX 77705",Branch
Capital Farm Credit,907 W Clayton FM 1960,"Dayton, TX 77535",Branch
Capital Farm Credit,105 W Bedford,"Dimmitt, TX 79027",Branch
Capital Farm Credit,"8122 West Expressway 83, Suite 1","Harlingen, TX 78552",Branch
Texas Farm Credit Services,137 S Eighth,"Raymondville, TX 78580",Branch
Capital Farm Credit,"708 Hwy 59 N, Suite A","Bowie, TX 76230",Branch
Capital Farm Credit,Highway 83 North,"Childress, TX 79201",Branch
AgTexas Farm Credit Services,301 Highway 114,"Levelland, TX 79336",Branch
Capital Farm Credit,613 Avenue G,"Levelland, TX 79336",Branch
Central Texas Farm Credit,1021 S Koenigheim,"San Angelo, TX 76903",Branch
Capital Farm Credit,1701 W Loop 306,"San Angelo, TX 76904",Branch
Central Texas Farm Credit,203 S Blackburn St,"Brady, TX 76825",Branch
Central Texas Farm Credit,1414 N. Austin,"Comanche, TX 76442",Branch
Texas Farm Credit Services,200 N Dixon ST,"Gainesville, TX 76240-3957",Branch
Texas Farm Credit Services,2790 Virginia Pkwy,"McKinney, TX 75071",Branch
Capital Farm Credit,475 Oxford Drive,"New Braunfels, TX 78130",Branch
Central Texas Farm Credit,110 North High Street,"San Saba, TX 76877",Branch
Capital Farm Credit,501 Alan L Bean Blvd,"Wheeler, TX 79096",Branch
Capital Farm Credit,207 S Berkshire,"Crosbyton, TX 79322",Branch
AgTexas Farm Credit Services,6901 Quaker Avenue,"Lubbock, TX 79413",Branch
AgTrust Farm Credit,3441 North FM 1417,"Sherman, TX 75092",Branch
Texas Farm Credit Services,112 E Hwy 82,"Bonham, TX 75418",Branch
AgTrust Farm Credit,210 N Ridgeway,"Cleburne, TX 76033",Branch
Capital Farm Credit,201 W 5th Street,"Dalhart, TX 79022",Branch
Texas Farm Credit Services,6174 Sherry LN,"Dallas, TX 75225-6314",Branch
AgTrust Farm Credit,3905 Morse St,"Denton, TX 76208",Branch
AgTexas Farm Credit Services,1315 E 1st,"Dumas, TX 79029",Branch
Capital Farm Credit,"8340 Gateway East, Suite 208","El Paso, TX 79907",Branch
Texas Farm Credit Services,6451 Camp Bowie Blvd,"Fort Worth, TX 76116",Branch
AgTrust Farm Credit,5600 Clearfork Main St,"Fort Worth, TX 76109",Branch
Capital Farm Credit,1400 W Park Avenue,"Hereford, TX 79045",Branch
AgTrust Farm Credit,219 E Franklin St,"Hillsboro, TX 76645",Branch
AgTrust Farm Credit,655 Clarksville St,"Paris, TX 75460-5933",Branch
Capital Farm Credit,"10410 Medical Loop, Suite 5D","Laredo, TX 78045",Branch
Capital Farm Credit,424 N Hobart,"Pampa, TX 79066",Branch
Capital Farm Credit,515 Sterley,"Spur, TX 79370",Branch
AgTexas Farm Credit Services,1316 Corsicana Hwy,"Hillsboro, TX 76645",Branch
AgTrust Farm Credit,101 East Rd,"Stephenville, TX 76401",Branch
Texas Farm Credit Services,244 N Getty,"Uvalde, TX 78801",Branch
AgTrust Farm Credit,112 S 15th St,"Corsicana, TX 75110",Branch
Capital Farm Credit,607A N 1st Street E,"Haskell, TX 79521",Branch
Capital Farm Credit,1725 Deaf Smith,"Vernon, TX 76385",Branch
Texas Farm Credit Services,435 West IH-45,"Fairfield, TX 75840",Branch
Capital Farm Credit,245 US Hwy 90 E,"Hondo, TX 78861",Branch
Capital Farm Credit,26611 SW Freeway,"Rosenberg, TX 77471",Branch
AgTexas Farm Credit Services,2015 Hobbs Hwy,"Seminole, TX 79360",Branch
Capital Farm Credit,"150 East Main St., Suite 310","Fredricksburg, TX 78624",Branch
Capital Farm Credit,5715 50th Street,"Lubbock, TX 79493",Branch
Legacy Ag Credit,1261 Hwy 271 South,"Gilmer, TX 75645",Branch
Plains Land Bank,506 S Main,"Perryton, TX 79070",Branch
Texas Farm Credit Services,205 S. Palestine St.,"Athens, TX 75751",Branch
Capital Farm Credit,5900 Southwest Pkwy,"Austin, TX 78735",Branch
Capital Farm Credit,203 N 2nd Street,"Canadian, TX 79014",Branch
Capital Farm Credit,4704 S Jackson,"Edinburg, TX 78539",Branch
Texas Farm Credit Services,555 S International Blvd,"Weslaco, TX 78596",Branch
Texas Farm Credit Services,"5901 Wesley St., Ste. 102","Greenville, TX 75402",Branch
AgTexas Farm Credit Services,117 S. Burleson Blvd.,"Burleson, TX 76028",Branch
Texas Farm Credit Services,6540 Alliance DR Ste 130,"Rockwall, TX 75032",Branch
Legacy Ag Credit,1541 State Highway 34 S,"Terrell, TX 75160",Branch
Capital Farm Credit,431 Ft McKavitt Street,"Mason, TX 76856",Branch
Capital Farm Credit,101 Jolley Street,"Uvalde, TX 78801",Branch
Capital Farm Credit,504 Phelps Avenue,"Littlefield, TX 79336",Branch
Capital Farm Credit,335 N May,"Madisonville, TX 77864",Branch
Capital Farm Credit,502 S Main Street,"Perryton, TX 79070",Branch
AgTrust Farm Credit,337 Enterprise Drive,"Hewitt, TX 76643",Branch
Capital Farm Credit,1801 W White Oak Terrace,"Conroe, TX 77304",Branch
Texas Farm Credit Services,8505 Technology Forest Place,"The Woodlands, TX 77381",Branch
AgTrust Farm Credit,155 East BB Fielder Road,"Weatherford, TX 76087",Branch
Capital Farm Credit,2400 Highway 190 W,"Livingston, TX 77351",Branch
Texas Farm Credit Services,17752 Highway 69 North,"Lindale, TX 75771",Branch
AgTrust Farm Credit,4449 Loop 322,"Abilene, TX 79602",Branch
Capital Farm Credit,115 N Armstrong,"Tulia, TX 79088",Branch
AgTexas Farm Credit Services,121 W Broadway,"Brownfield, TX 79316",Branch
Legacy Ag Credit,335 West Dallas Street,"Canton, TX 75103",Branch
Capital Farm Credit,1260 Pin Oak Road,"Katy, TX 77494",Branch
Capital Farm Credit,1501 E Mockingbird LN Ste 100a,"Victoria, TX 77904",Branch
Western AgCredit,2195 North Main,"North Logan, UT 84341",Branch
Western AgCredit,63 East 600 North,"Richfield, UT 84701",Branch
Western AgCredit,10980 South Jordan Gateway,"South Jordan, UT 84095",Branch
Western AgCredit,727 South Main,"Spanish Fork, UT 84660",Branch
Western AgCredit,781 E Main,"Tremonton, UT 84337",Branch
Western AgCredit,848 Front St,"Evanston, WY 82930",Branch
Western AgCredit,55 S 1500 E,"Ballard, UT 84066",Branch
Farm Credit of the Virginias,1445 East Rio Rd,"Charlottesville, VA 22901",Branch
Colonial Farm Credit,1700-A S Main St,"Farmville, VA 23901",Branch
Colonial Farm Credit,22776 Timberlake Rd,"Lynchburg, VA 24502",Branch
Farm Credit of the Virginias,38 Murray Farm Rd,"Roanoke, VA 24019",Branch
Farm Credit of the Virginias,1356 B American Way Ct,"Bedford, VA 24523",Branch
Farm Credit of the Virginias,"27 Fort Evans Rd, NE","Leesburg, VA 20176",Branch
Farm Credit of the Virginias,1557 Commerce Rd,"Verona, VA 24482",Branch
Farm Credit of the Virginias,660 Peppers Ferry Rd,"Wytheville, VA 24382",Branch
Farm Credit of the Virginias,19292 Lee Hwy,"Abingdon, VA 24210",Branch
Colonial Farm Credit,201 E Danville St,"South Hill, VA 23970",Branch
Colonial Farm Credit,135 Queen ST,"Tappahannock, VA 22560",Branch
Farm Credit of the Virginias,15574 Ira Hoffman Lane,"Culpeper, VA 22701",Branch
Colonial Farm Credit,7104 Mechanicsville Turnpike,"Mechanicsville, VA 23111",Branch
Colonial Farm Credit,18639 Eltham Rd,"West Point, VA 23181",Branch
Farm Credit of the Virginias,516 Fauquier Rd,"Warrenton, VA 20186",Branch
Colonial Farm Credit,2987 River Road West,"Goochland, VA 23063",Branch
Farm Credit of the Virginias,670 Old Franklin Turnpike,"Rocky Mount, VA 24151",Branch
Colonial Farm Credit,22323 Main St,"Courtland, VA 23837",Branch
Farm Credit of the Virginias,13284 James Madison Hwy,"Orange, VA 22960",Branch
Farm Credit of the Virginias,4024 Halifax Rd,"South Boston, VA 24592",Branch
Farm Credit of the Virginias,19651 US Hwy 29,"Chatham, VA 24531",Branch
Colonial Farm Credit,11295 Windsor Blvd,"Windsor, VA 23487",Branch
Colonial Farm Credit,428 E Main St,"Waverly, VA 23890",Branch
Farm Credit of the Virginias,152 Maury River Rd,"Lexington, VA 24450",Branch
Farm Credit of the Virginias,4646 S Valley Pike,"Harrisonburg, VA 22801",Branch
AgWest Farm Credit,"201 W. Broadway Ave, Ste B","Ritzville, CA 99169-1846",Branch
AgWest Farm Credit,1501 E Yonezawa Blvd,"Moses Lake, WA 98837-8826",Branch
AgWest Farm Credit,9915 Saint Thomas Drive,"Pasco, WA 99301-8094",Branch
AgWest Farm Credit,2580 Chester Kimm Road,"Wenatchee, WA 98801",Branch
AgWest Farm Credit,301 South Main Street,"Colfax, WA 99111-1802",Branch
AgWest Farm Credit,1 W Pine Street,"Walla Walla, WA 99362-1838",Branch
AgWest Farm Credit,629 S Market Blvd,"Chehalis, WA 98532-3417",Branch
AgWest Farm Credit,1360 N 16th Ave,"Yakima, WA 98902-7108",Branch
AgWest Farm Credit,265 E George Hopper Rd,"Burlington, WA 98233-3105",Branch
AgWest Farm Credit,2735 Allen Rd,"Sunnyside, WA 98944-8923",Branch
Farm Credit of the Virginias,527 E Main ST # 104,"Bridgeport, WV 26330",Branch
Farm Credit of the Virginias,2112 Ripley Rd,"Ripley, WV 25271",Branch
Farm Credit of the Virginias,14428 Seneca Trail N,"Lewisburg, WV 24901",Branch
Farm Credit of the Virginias,550 South Main Street,"Moorefield, WV 26836",Branch
Farm Credit of the Virginias,452 N High St,"Romney, WV 26757",Branch
GreenStone Farm Credit Services,340 Patriot Dr.,"Little Chute, WI 54140",Branch
Compeer Financial,1430 Northridge Dr,"Prairie du Sac, WI 53578",Branch
AgCountry Farm Credit Services,204 East Liberty Drive,"Thorp, WI 54771",Branch
GreenStone Farm Credit Services,"3030 Park Dr., Ste. B","Sturgeon Bay, WI 54235",Branch
Compeer Financial,2600 Jenny Wren Trail,"Sun Prairie, WI 53590",Branch
Compeer Financial,N5776 Cth D,"Fond du Lac, WI 54936",Branch
Compeer Financial,9185 Old Potosi Rd,"Lancaster, WI 53813",Branch
Compeer Financial,3448 State Rd 23,"Dodgeville, WI 53533",Branch
Compeer Financial,815 Wright Road,"Johnson Creek, WI 53038",Branch
GreenStone Farm Credit Services,"4400 Calumet Ave., Ste. 102","Manitowoc, WI 54220",Branch
GreenStone Farm Credit Services,280 S. Main St.,"Clintonville, WI 54929",Branch
GreenStone Farm Credit Services,202 Sado Ln.,"Coleman, WI 54112",Branch
AgCountry Farm Credit Services,611 South 32nd Avenue,"Wausau, WI 54402",Branch
Compeer Financial,1705 Hwy 14 West,"Janesville, WI 53547",Branch
AgCountry Farm Credit Services,600 S 8th Street,"Medford, WI 54451",Branch
AgCountry Farm Credit Services,1216 Wildwood Dr,"Stevens Point, WI 54482",Branch
AgCountry Farm Credit Services,1207 N Central Ave,"Marshfield, WI 54449-7080",Branch
Farm Credit Services of America,1401 Wilkins Circle,"Casper, WY 82601",Branch
