organization,address,city,st,zip,office_type,longitude,latitude
First South Farm Credit,41655 State Highway 59,Bay Minette,AL,36507,Branch,-87.777017,30.832233
First South Farm Credit,1824 Eva Rd NE,Cullman,AL,35055,Branch,-86.827872,34.201192
Alabama Farm Credit,1949 St Joseph Dr NW,Cullman,AL,35055,Branch,-86.87304,34.20558
Alabama Ag Credit,921 Hwy 80 West,Demopolis,AL,36732,Branch,-87.847431,32.497039
Alabama Ag Credit,1001 Forest Drive,Dothan,AL,36303,Branch,-85.433618,31.235018
Alabama Ag Credit,9810 Timber Circle,Spanish Fort,AL,36527,Branch,-87.852799,30.672152
Alabama Ag Credit,7602 Halcyon Summit Dr,Montgomery,AL,36117,Branch,-86.16865,32.365195
First South Farm Credit,1401 Forest Ave,Montgomery,AL,36106,Branch,-86.285856,32.364785
First South Farm Credit,4210 McFarland Blvd,Northport,AL,35476,Branch,-87.59834,33.23918
Alabama Ag Credit,"2618 8th Street, Suite 10",Tuscaloosa,AL,35401,Branch,-87.570875,33.20619
First South Farm Credit,320 Alabama Hwy 75 North,Albertville,AL,35951,Branch,-86.19996,34.2785
Alabama Farm Credit,808 AL Hwy 75 N,Albertville,AL,35950,Branch,-86.192099,34.281501
First South Farm Credit,2341 Alabama Hwy 21 South,Oxford,AL,36203,Branch,-85.844412,33.591402
First South Farm Credit,700 Hwy. 80 West,Demopolis,AL,36732,Branch,-87.84732,32.49861
First South Farm Credit,141 Lee Street,Luverne,AL,36049,Branch,-86.2854,31.731113
First South Farm Credit,1613 Frederick Road,Opelika,AL,36801,Branch,-85.399255,32.622442
Alabama Ag Credit,1431 Gateway Drive,Opelika,AL,36801,Branch,-85.40893,32.636984
Alabama Ag Credit,420 Broad Street,Selma,AL,36701,Branch,-87.021813,32.411853
Alabama Farm Credit,65696 AL Hwy 77,Talladega,AL,35161,Branch,-86.114585,33.452095
First South Farm Credit,1103 Bypass West,Andalusia,AL,36420,Branch,-86.50085,31.294821
Alabama Ag Credit,1010 Boll Weevil Circle,Enterprise,AL,36330,Branch,-85.84693,31.33408
Alabama Ag Credit,87 North Mount Pleasant Avenue,Monroeville,AL,36460,Branch,-87.325523,31.528086
First South Farm Credit,970 Hwy. 20 East,Tuscumbia,AL,35674,Branch,-87.652879,34.704362
Alabama Farm Credit,1013 Hwy 72E,Tuscumbia,AL,35674,Branch,-87.594783,34.683519
Alabama Farm Credit,26243 US Highway 72,Athens,AL,35613,Branch,-86.860454,34.764281
First South Farm Credit,30035 US Highway 72 West,Madison,AL,35756,Branch,-86.79809,34.74956
First South Farm Credit,1960 Stonegate Drive,Birmingham,AL,35242,Branch,-86.701328,33.483616
First South Farm Credit,14390 Market St,Moulton,AL,35650,Branch,-87.292408,34.479352
AgWest Farm Credit,2157 North Northlake Way,Seattle,WA,98103,Branch,-122.3323,47.64823
AgWest Farm Credit,1120 S. 20th Avenue,Safford,AZ,85546,Branch,-109.73354,32.82738
AgWest Farm Credit,3003 S. Fair Lane,Tempe,AZ,85282,Branch,-111.976429,33.396013
Western AgCredit,2495 N. Main Street,Cedar City,UT,84721,Branch,-113.052393,37.722515
Farm Credit of Western Arkansas,3600 SW Regional Airport Blvd. Suite 16,Bentonville,AR,72712,Branch,-94.252764,36.336874
Farm Credit of Western Arkansas,129 W Industrial Park Rd,Harrison,AR,72601,Branch,-93.12566,36.25114
AgHeritage Farm Credit Services,6035 Highway 65 N,McGehee,AR,71654,Branch,-91.404149,33.647751
Farm Credit of Western Arkansas,4970 Hwy 412 East,Siloam Springs,AR,72761,Branch,-94.48854,36.18012
AgHeritage Farm Credit Services,1102 E 22nd St,Stuttgart,AR,72160,Branch,-91.54017,34.47885
Farm Credit of Western Arkansas,2858 Walnut St.,Arkadelphia,AR,71923,Branch,-93.08639,34.11835
Farm Credit of Western Arkansas,1703 Pittman St,Magnolia,AR,71753,Branch,-93.216747,33.273007
AgHeritage Farm Credit Services,2620 S Main St,Searcy,AR,72143,Branch,-91.731956,35.212059000000004
Farm Credit of Western Arkansas,641 Highway 71 N Ste 102,Alma,AR,72921,Branch,-94.226717,35.493499
Farm Credit of Western Arkansas,12907 Hwy 71 South,Fort Smith,AR,72916,Branch,-94.3631,35.26219
Farm Credit Mid-America,3000 Prosperity Drive,Jonesboro,AR,72404,Branch,-90.672425,35.80619
Farm Credit Mid-America,151 Block Street,Marion,AR,72364,Branch,-90.20409,35.20782
Farm Credit of Western Arkansas,1329 Hwy 9,Morrilton,AR,72110,Branch,-92.72297,35.14376
Farm Credit Mid-America,6216 Hwy 49,Poplar Grove,AR,72374,Branch,-90.771009,34.55564
Farm Credit of Western Arkansas,89C N Broadview St,Greenbrier,AR,72058,Branch,-92.387845,35.24739
Farm Credit of Western Arkansas,1808 Farm Credit Dr,Ozark,AR,72949,Branch,-93.843793,35.49961
Farm Credit of Western Arkansas,3772 W Hwy 22,Paris,AR,72855,Branch,-93.77426,35.29443
Farm Credit Mid-America,1674 S Falls Blvd,Wynne,AR,72396,Branch,-90.791272,35.204408
Farm Credit of Western Arkansas,15227 I-30 South,Benton,AR,72015,Branch,-92.611809,34.560958
Farm Credit of Western Arkansas,1722 E 3rd St.,Hope,AR,71801,Branch,-93.570803,33.668575
Farm Credit Mid-America,1312 Highway 135 N,Paragould,AR,72450,Branch,-90.500084,36.071732
AgHeritage Farm Credit Services,1105 Pace Rd,Pocahontas,AR,72455,Branch,-90.95768,36.24933
AgHeritage Farm Credit Services,1169 Batesville Blvd,Batesville,AR,72501,Branch,-91.636673,35.727022
Farm Credit of Western Arkansas,1007 Interstate RD,Clarksville,AR,72830,Branch,-93.486213,35.4585
Farm Credit of Western Arkansas,302 W Bishop St,Nashville,AR,71852,Branch,-93.849806,33.948624
AgHeritage Farm Credit Services,2800 Stegall Rd,Newport,AR,72112,Branch,-91.247918,35.607558
Farm Credit of Western Arkansas,2797 E Parkway Dr.,Russellville,AR,72802,Branch,-93.099356,35.282679
Farm Credit of Western Arkansas,2305 Trinity Blvd.,Texarkana,AR,71854,Branch,-94.01858,33.47468
AgHeritage Farm Credit Services,498 Broadmoor Dr,Brinkley,AR,72021,Branch,-91.19541,34.904679
Farm Credit of Western Arkansas,14238 Highway 412,Huntsville,AR,72740,Branch,-93.709122,36.113766
AgHeritage Farm Credit Services,1121 W Front Street,Lonoke,AR,72086,Branch,-91.914243,34.781357
Farm Credit Mid-America,4389 W Keiser Ave,Osceola,AR,72370,Branch,-90.042562,35.697659
Farm Credit of Western Arkansas,1091 W Henri De Tonti Blvd.,Springdale,AR,72762,Branch,-94.25302,36.17623
Farm Credit of Western Arkansas,1607 Hwy 71 North,Mena,AR,71953,Branch,-94.21402,34.58593
Farm Credit of Western Arkansas,800 E Magnolia Ave,De Queen,AR,71832,Branch,-94.32975,34.04392
Farm Credit of Western Arkansas,1181 East Heritage Parkway,Prairie Grove,AR,72753,Branch,-94.297918,35.986366
Farm Credit of Western Arkansas,302 E 5th ST,Danville,AR,72833,Branch,-93.39213,35.05704
American AgCredit,403 E Hwy 395,Alturas,CA,96101,Branch,-120.539575,41.495678
Farm Credit Services of Colusa-Glenn,2970 Davison CT,Colusa,CA,95932,Branch,-121.996629,39.187965
Golden State Farm Credit,1530 Marion St.,Kingsburg,CA,93631,Branch,-119.553093,36.515554
American AgCredit,2345 E. Earhart Ave,Stockton,CA,95206,Branch,-121.23772,37.90361
Golden State Farm Credit,201-A North Tehama Street,Willows,CA,95988,Branch,-122.193378,39.532076000000004
AgWest Farm Credit,1800 Lassen Blvd.,Yuba City,CA,95993,Branch,-121.649256,39.137435
American AgCredit,1440 W Williams Ave,Fallon,NV,89406,Branch,-118.79317,39.47518
AgWest Farm Credit,940 W. El Monte Way,Dinuba,CA,93618,Branch,-119.40551,36.544892
American AgCredit,5560 S Broadway,Eureka,CA,95503,Branch,-124.199551,40.743888
Fresno Madera Farm Credit,4635 W Spruce Ave,Fresno,CA,93722,Branch,-119.876401,36.83854
Fresno Madera Farm Credit,1698 Draper Street,Kingsburg,CA,93631,Branch,-119.549594,36.516778
Fresno Madera Farm Credit,3475 Golden State Blvd,Madera,CA,93637,Branch,-120.105955,36.99938
Golden State Farm Credit,1001 East 3rd Street,Hanford,CA,93230,Branch,-119.62897,36.3238
Yosemite Farm Credit,530 Washington Avenue,Los Banos,CA,93635,Branch,-120.851603,37.05623
Yosemite Farm Credit,760 W 18th Street,Merced,CA,95340,Branch,-120.487163,37.303687
American AgCredit,711 W 19th ST,Merced,CA,95340,Branch,-120.485419,37.30495
AgWest Farm Credit,175 Cow Meadow Place,Paso Robles,CA,93446,Branch,-120.69602,35.57169
AgWest Farm Credit,200 E. Cartmill Avenue,Tulare,CA,93274,Branch,-119.347889,36.241325
AgWest Farm Credit,440 Pioneer Avenue,Woodland,CA,95776,Branch,-121.747433,38.675322
American AgCredit,255 W Peckham Lane,Reno,NV,89509,Branch,-119.799369,39.487864
AgWest Farm Credit,1111 W Lacey Blvd,Hanford,CA,93230,Branch,-119.66126,36.3277
AgWest Farm Credit,485 Business Park Way,Imperial ,CA,92251,Branch,-115.57677,32.826256
AgWest Farm Credit,19628 Industry Pkwy Dr,Bakersfield,CA,93308,Branch,-119.07841,35.44077
American AgCredit,455 E Gobbi St,Ukiah,CA,95482,Branch,-123.199672,39.144128
AgWest Farm Credit,300 Klamath Ave,Klamath Falls,OR,97601,Branch,-121.78311,42.222304
Yosemite Farm Credit,345 W Las Palmas,Patterson,CA,95363,Branch,-121.131821,37.471141
American AgCredit,4845 Old Redwood Hwy,Santa Rosa,CA,95403,Branch,-122.753389,38.501446
American AgCredit,42429 Winchester Rd,Temecula,CA,92590,Branch,-117.181066,33.510439
Yosemite Farm Credit,810 W Monte Vista Avenue,Turlock,CA,95382,Branch,-120.858996,37.520757
American AgCredit,924 E Blanco Rd,Salinas,CA,93901,Branch,-121.636445,36.654277
American AgCredit,77711 Flora Rd,Palm Desert,CA,92211,Branch,-116.307794,33.768112
American AgCredit,700 N Yosemite Ave,Oakdale,CA,95362,Branch,-120.851992,37.773909
AgWest Farm Credit,1178 Tama Lane,Santa Maria,CA,93455,Branch,-120.453589,34.91912
AgWest Farm Credit,2031 Knoll Dr,Ventura,CA,93003,Branch,-119.220845,34.25452
Golden State Farm Credit,255 Sale Lane,Red Bluff,CA,96080,Branch,-122.21932,40.178499
AgWest Farm Credit,650 E Pine St.,Central Point,OR,97502,Branch,-122.91227,42.376352
Yosemite Farm Credit,1213 13th Street,Modesto,CA,95354,Branch,-121.00049,37.644795
American AgCredit,850 East Second Ave,Durango,CO,81301,Branch,-107.87928,37.27266
American AgCredit,4505 W 29th Street,Greeley,CO,80634,Branch,-104.753296,40.391043
Farm Credit of Southern Colorado,1302 E Third,La Junta,CO,81050,Branch,-103.526279,37.985643
Farm Credit of Southern Colorado,1301 E Olive ST,Lamar,CO,81052,Branch,-102.601142,38.088902
Farm Credit of Southern Colorado,100 E Main,Limon,CO,80828,Branch,-103.687911,39.263018
Farm Credit of Southern Colorado,159 Washington St,Monte Vista,CO,81144,Branch,-106.148373,37.579408
Farm Credit of Southern Colorado,549 South Lincoln,Burlington,CO,80807,Branch,-102.27751,39.291304
Farm Credit of Southern Colorado,5110 Edison Ave,Colorado Springs,CO,80915,Branch,-104.732345,38.840358
American AgCredit,627 24 1/2 Road Suite I,Grand Junction,CO,81505,Branch,-108.59937,39.095718
American AgCredit,"1404 Hawk Parkway, #101",Montrose,CO,81401,Branch,-107.867257,38.44795
Premier Farm Credit,143 S Campbell Ave,Holyoke,CO,80734,Branch,-102.300583,40.584734
Premier Farm Credit,229 S 3rd St,Sterling,CO,80751,Branch,-103.20973,40.62173
Premier Farm Credit,225 E Railroad Ave,Fort Morgan,CO,80701,Branch,-103.79879,40.24873
Premier Farm Credit,700 W 8th Ave,Yuma,CO,80759,Branch,-102.73255,40.11903
Horizon Farm Credit,1410 S State St,Dover,DE,19901,Branch,-75.522513,39.136356
Horizon Farm Credit,20816 DuPont Blvd,Georgetown,DE,19947,Branch,-75.399722,38.692768
Horizon Farm Credit,5303 Spectrum Drive,Frederick,MD,21703,Branch,-77.404028,39.375326
Farm Credit of Florida,12300 NW US Hwy 441,Alachua,FL,32615,Branch,-82.420207,29.766998
Farm Credit of Central Florida,57 E. Third Street,Apopka,FL,32703,Branch,-81.51053,28.67449
Farm Credit of Central Florida,204 E. Orange Street,Lakeland,FL,33801,Branch,-81.955729,28.04187
Farm Credit of Florida,309 N 2nd St,Palatka,FL,32177,Branch,-81.628911,29.64924
Farm Credit of Florida,11903 Southern Blvd,West Palm Beach,FL,33411,Branch,-80.233473,26.681983
Farm Credit of Florida,340 N Brevard Ave,Arcadia,FL,34266,Branch,-81.856339,27.221395
Farm Credit of Central Florida,31050 Cortez Blvd,Brooksville,FL,34602,Branch,-82.23079,28.52251
Farm Credit of Florida,1311 US Hwy 17 North,Wauchula,FL,33873,Branch,-81.815362,27.56448
Farm Credit of Northwest Florida,5336 Stewart St,Milton,FL,32570,Branch,-87.042655,30.62841
Farm Credit of Northwest Florida,3323 Thomasville Rd,Tallahassee,FL,32308,Branch,-84.25241,30.49894
Farm Credit of Florida,721 S Main St,Trenton,FL,32693,Branch,-82.818617,29.608657
Farm Credit of Florida,1606 Canyon Ave,Live Oak,FL,32064,Branch,-82.972749,30.310437
Farm Credit of Central Florida,2301 Thonotosassa Road,Plant City,FL,33563,Branch,-82.146887,28.023003
Farm Credit of Florida,7925 20th Street,Vero Beach,FL,32966,Branch,-80.489864,27.636885
Farm Credit of Northwest Florida,925 W. Washington Street,Monticello,FL,32344,Branch,-83.87835,30.54468
Farm Credit of Florida,5075 NW Blitchton Rd,Ocala,FL,34482,Branch,-82.204389,29.216606
Farm Credit of Florida,403 NW 6th St,Okeechobee,FL,34972,Branch,-80.834144,27.248694
Farm Credit of Florida,24700 S W 177 Avenue,Homestead,FL,33031,Branch,-80.480981,25.470013
Southwest Georgia Farm Credit,1037 East Forsyth Street,Americus,GA,31709,Branch,-84.21983,32.07314
Southwest Georgia Farm Credit,305 Colquitt Highway,Bainbridge,GA,39817,Branch,-84.60502,30.926492
AgSouth Farm Credit,2215 Hatch Pkwy S,Baxley,GA,31513,Branch,-82.3621,31.74884
Southwest Georgia Farm Credit,40 East Broad Street,Camilla,GA,31730,Branch,-84.207287,31.23139
AgGeorgia Farm Credit,102 Blacksnake Rd.,Mount Airy,GA,30563,Branch,-83.49119,34.58063
Southwest Georgia Farm Credit,937 Forrester Drive SE,Dawson,GA,39842,Branch,-84.43686,31.760799
AgSouth Farm Credit,204 Bowen's Mill Rd,Douglas,GA,31533,Branch,-82.86925,31.51574
AgGeorgia Farm Credit,501 Broad St.,Gainesville,GA,30501,Branch,-83.821756,34.300714
AgGeorgia Farm Credit,449 Franklin Springs St.,Royston,GA,30662,Branch,-83.11719,34.28482
AgGeorgia Farm Credit,775 Sparta Rd.,Sandersville,GA,31082,Branch,-82.800748,33.001428
Southwest Georgia Farm Credit,1215 East Jackson Street,Thomasville,GA,31792,Branch,-83.962513,30.850214
AgGeorgia Farm Credit,2857 Miller Ferry Rd,Calhoun,GA,30701,Branch,-85.001004,34.440202
AgGeorgia Farm Credit,826 Bellevue Ave.,Dublin,GA,31021,Branch,-82.917662000000007,32.536603
AgGeorgia Farm Credit,468 Perry Parkway,Perry,GA,31069,Branch,-83.72275,32.48759
AgGeorgia Farm Credit,1601 King Rd.,Tifton,GA,31793,Branch,-83.53943,31.459533
AgSouth Farm Credit,111 Carter Ave,Blackshear,GA,31516,Branch,-82.241509,31.311766
AgGeorgia Farm Credit,504 E Screven St.,Quitman,GA,31643,Branch,-83.555749,30.785267
AgSouth Farm Credit,40 S. Main St,Statesboro,GA,30458,Branch,-81.782944,32.447213
AgGeorgia Farm Credit,176 Hwy 80 West,Waynesboro,GA,30830,Branch,-82.041874000000007,33.086063
AgSouth Farm Credit,2520 S Highway 27,Carrollton,GA,30112,Branch,-85.07476,33.521875
AgGeorgia Farm Credit,700 East Villanow Street,LaFayette,GA,30728,Branch,-85.271023,34.701088
AgGeorgia Farm Credit,22 5th Avenue SE,Moultrie,GA,31768,Branch,-83.787988,31.174584
AgSouth Farm Credit,620 N. Church St,Thomaston,GA,30286,Branch,-84.328356,32.899905
AgGeorgia Farm Credit,1207 S. Greer St.,Cordele,GA,31015,Branch,-83.755626,31.956625
AgSouth Farm Credit,596 S Talbotton St,Greenville,GA,30222,Branch,-84.71078,33.024015
AgGeorgia Farm Credit,19 Woodlake Drive,Chatsworth,GA,30705,Branch,-84.76209,34.73953
AgSouth Farm Credit,855 Odum Hwy,Jesup,GA,31545,Branch,-81.915981,31.6249
AgSouth Farm Credit,1691 Lions Club Road,Madison,GA,30650,Branch,-83.47265,33.56656
AgGeorgia Farm Credit,311 N Bypass E,Washington,GA,30673,Branch,-82.72812,33.74469
AgSouth Farm Credit,314 Commerce Way,Vidalia,GA,30474,Branch,-82.36829,32.201284
American AgCredit,988 Kinoole ST,Hilo,HI,96720,Branch,-155.082325,19.714202
American AgCredit,99-860 Iwaena ST,Aiea,HI,96701,Branch,-157.913972,21.373085
Idaho AgCredit,2883 Hwy 39,American Falls,ID,83211,Branch,-112.884191,42.78051
Idaho AgCredit,PO Box 985,Blackfoot,ID,83221,Branch,-111.46264,42.792568
AgWest Farm Credit,541 W 100 N,Blackfoot,ID,83221,Branch,-112.404164,43.210849
AgWest Farm Credit,16034 Equine Dr,Nampa,ID,83687,Branch,-116.50513,43.60543
AgWest Farm Credit,102 N State,Preston,ID,83263,Branch,-111.87633,42.09863
AgWest Farm Credit,2001 S. Flint Road,Spokane,WA,99224,Branch,-117.537517,47.637199
AgWest Farm Credit,1408 Pomerelle Ave.,Burley,ID,83318,Branch,-113.777795,42.53479
AgWest Farm Credit,1215 Pier View Drive,Idaho Falls,ID,83402,Branch,-112.057718,43.48322
Idaho AgCredit,1586 North 2 East,Rexburg,ID,83440,Branch,-111.777235,43.85892
AgWest Farm Credit,406 Park View Loop,Twin Falls,ID,83301,Branch,-114.48909,42.59237
Idaho AgCredit,"1096 Eastland Dr North, Suite 100A",Twin Falls,ID,83301,Branch,-114.440142,42.58077
AgWest Farm Credit,2631 Nez Perce Dr,Lewiston,ID,83501,Branch,-116.994618,46.400878
AgWest Farm Credit,1036 Erikson Dr,Rexburg,ID,83440,Branch,-111.813524,43.825769
AgWest Farm Credit,417 Main Street,Cottonwood,ID,83522,Branch,-116.349555,46.047917
AgWest Farm Credit,2775 Fairgrounds Rd,American Falls,ID,83211,Branch,-112.83451,42.794659
AgWest Farm Credit,308 SE 10th Street,Ontario,OR,97914,Branch,-116.94971,44.02234
Farm Credit Illinois,115 Matter Dr,Highland,IL,62249,Branch,-89.688272,38.744403
Farm Credit Illinois,2601 Henry Drive,Marion,IL,62959,Branch,-88.961893,37.732875
Compeer Financial,2950 N Main St,Princeton,IL,61356,Branch,-89.47123,41.40508
Compeer Financial,436 S 54th St,Quincy,IL,62305,Branch,-91.331009,39.926008
Compeer Financial,1350 W Prairie Dr,Sycamore,IL,60178,Branch,-88.704521,41.966883
Compeer Financial,651 W Meadows Dr,Freeport,IL,61032,Branch,-89.62853,42.2758
Farm Credit Illinois,2250 S Main Street,Jacksonville,IL,62650,Branch,-90.228578,39.695587
Farm Credit Illinois,27049 State Highway 16,Jerseyville,IL,62052,Branch,-90.29445,39.115388
Farm Credit Illinois,1100 Farm Credit Drive,Mahomet,IL,61853,Branch,-88.36073,40.184
Farm Credit Illinois,13447 IL Highway 16,Paris,IL,61944,Branch,-87.71341,39.600382
Farm Credit Illinois,1155 E 1500 North Rd,Taylorville,IL,62568,Branch,-89.315617,39.567641
Farm Credit Illinois,1506 E Fayette,Effingham,IL,62401,Branch,-88.506346,39.126387
Farm Credit Illinois,4201 W Haven Rd,Lawrenceville,IL,62439,Branch,-87.699067,38.727854
Farm Credit Illinois,410 Potomac Blvd.,Mt. Vernon,IL,62864,Branch,-88.955621,38.320295
Compeer Financial,7508 N Kickapoo - Edwards Rd,Edwards,IL,61528,Branch,-89.75086,40.78006
Farm Credit Illinois,332 E Walnut St,Watseka,IL,60970,Branch,-87.729611,40.776538
Compeer Financial,2901 E Jackson St,Macomb,IL,61455,Branch,-90.629071,40.457938
Compeer Financial,700 E Jackson,Monmouth,IL,61462,Branch,-90.63755,40.92418
Compeer Financial,1512 W Reynolds St,Pontiac,IL,61764,Branch,-88.655577,40.873253
Compeer Financial,1303 US Hwy 6 East,Geneseo,IL,61254,Branch,-90.13417,41.43533
Compeer Financial,570 William Latham Dr.,Bourbonnais,IL,60914,Branch,-87.88285,41.16219
Compeer Financial,3184 N State Route 23,Ottawa,IL,61350,Branch,-88.835084,41.395961
Compeer Financial,207 W 21st St,Rock Falls,IL,61071,Branch,-89.69204,41.76183
Farm Credit Illinois,1200 Old Tipton School Road,Sherman,IL,62684,Branch,-89.614605,39.881119
Farm Credit Illinois,2415 W Mound Rd,Decatur,IL,62526,Branch,-88.997181,39.888949
Compeer Financial,400 E Main,Aledo,IL,61231,Branch,-90.74553,41.2014
Compeer Financial,515 E Courtland St,Morton,IL,61550,Branch,-89.45152,40.62946
Compeer Financial,1101 Pines Rd,Oregon,IL,61061,Branch,-89.3431,42.00391
Farm Credit Illinois,111 Kennedy Drive,Red Bud,IL,62278,Branch,-89.982149,38.211119
Farm Credit Mid-America,1319 Baker Pl,Bluffton,IN,46714,Branch,-85.164858,40.761799
Farm Credit Mid-America,1010 W. Connexion Way,Columbia City,IN,46725,Branch,-85.51101,41.17125
Farm Credit Mid-America,5975 25th Street,Columbus,IN,47203,Branch,-85.857886,39.223226
Farm Credit Mid-America,517 Corda Blvd,Crawfordsville,IN,47933,Branch,-86.870609,40.047249
Farm Credit Mid-America,4204 S Western Ave,Marion,IN,46953,Branch,-85.674078,40.518221
Farm Credit Mid-America,203 W Drexel Parkway,Rensselaer,IN,47978,Branch,-87.153764,40.922514
Farm Credit Mid-America,3048 E 00 NS,Kokomo,IN,46901,Branch,-86.068988,40.477659
Farm Credit Mid-America,421 Meijer Dr,Lafayette,IN,47905,Branch,-86.811319,40.411852
Farm Credit Mid-America,643 S Boatman Road,Scottsburg,IN,47170,Branch,-85.812723,38.682943
Farm Credit Mid-America,390 Federal Drive NW,Corydon,IN,47112,Branch,-86.133818,38.236116
Farm Credit Mid-America,1512 West Main St,Greensburg,IN,47240,Branch,-85.50721,39.3367
Farm Credit Mid-America,14231 Teetor Road,Hagerstown,IN,47346,Branch,-85.14257,39.90267
Farm Credit Mid-America,1847 Troy Road,Washington,IN,47501,Branch,-87.1668,38.62952
Farm Credit Mid-America,1940 Hospitality Drive,Jasper,IN,47546,Branch,-86.94312,38.363908
Farm Credit Mid-America,50 N 250 W,Lagrange,IN,46761,Branch,-85.473975,41.641603
Farm Credit Mid-America,1759 North Main Street,Rushville,IN,46173,Branch,-85.44555,39.62827
Farm Credit Mid-America,831 State Road 28 E,Williamsport,IN,47993,Branch,-87.28903,40.30638
Farm Credit Mid-America,3406 N State Road 9,Anderson,IN,46012,Branch,-85.670824,40.155922
Farm Credit Mid-America,15747 Neeley St,Evansville,IN,47225,Branch,-87.55109,38.12201
Farm Credit Mid-America,100 International Dr,Franklin,IN,46131,Branch,-86.07335,39.5176
Farm Credit Mid-America,226 Rouch Place,Rochester,IN,46975,Branch,-86.22149,41.0493
Farm Credit Mid-America,1050 Ballard Lane,Greencastle,IN,46135,Branch,-86.81785,39.64554
Farm Credit Mid-America,3399 N Finance Rd,Bloomington,IN,47404,Branch,-86.580375,39.206765
Farm Credit Mid-America,2901 Leonard Dr,Valparaiso,IN,46383,Branch,-87.0251,41.45822
Farm Credit Services of America,1525 Boyson Rd,Hiawatha,IA,52233,Branch,-91.69391,42.04379
Farm Credit Services of America,2328 Millennium Rd,Decorah,IA,52101,Branch,-91.727494,43.273353
Farm Credit Services of America,4056 4th Street SW,Mason City,IA,50401,Branch,-93.262547,43.148737
Farm Credit Services of America,1902 D Ave W,Oskaloosa,IA,52577,Branch,-92.66734,41.29945
Farm Credit Services of America,105 Theater Cir,Perry,IA,50220,Branch,-94.071095,41.835932
Farm Credit Services of America,700 Senate Ave,Red Oak,IA,51566,Branch,-95.224148,41.026832
Farm Credit Services of America,7149 Nordic Drive,Cedar Falls,IA,50613,Branch,-92.447575,42.472428
Farm Credit Services of America,1301 W Main,Manchester,IA,52057,Branch,-91.48039,42.484589
Farm Credit Services of America,1015 590th St,Storm Lake,IA,50588,Branch,-95.20752,42.66253
Farm Credit Services of America,345 Fair Meadow DR,Webster City,IA,50595,Branch,-93.81526,42.454355
Farm Credit Services of America,919 Bella Vista Drive,Carroll,IA,51401,Branch,-94.84788,42.06753
Farm Credit Services of America,1621 11th St,DeWitt,IA,52742,Branch,-90.55465,41.82469
Farm Credit Services of America,1812 Hawkeye Ave,Harlan,IA,51537,Branch,-95.3366,41.63947
Farm Credit Services of America,3000 Park Street,Sheldon,IA,51201,Branch,-95.8183,43.185326
Farm Credit Services of America,3808 Broadway Ave,Yankton,SD,57078,Branch,-97.395819,42.919802
Farm Credit Services of America,3675 450th Ave,Emmetsburg,IA,50536,Branch,-94.699446,43.116
Farm Credit Services of America,2216 James Ave,Mt Pleasant,IA,52641,Branch,-91.542391,40.983697
Farm Credit Services of America,203 W Merle Hibbs Blvd,Marshalltown,IA,50158,Branch,-92.9163,42.01359
Farm Credit Services of America,2125 W 20th ST S,Newton,IA,50208,Branch,-93.07951,41.679541
Farm Credit Services of America,5011 S Broadband Lane,Sioux Falls,SD,57108,Branch,-96.783692,43.499691
Farm Credit Services of America,4512 S Lakeport ST,Sioux City,IA,51106,Branch,-96.346564,42.43624
Frontier Farm Credit,1270 N 300th RD,Baldwin City,KS,66006,Branch,-95.2657,38.783093
American AgCredit,5634 10th Street,Great Bend,KS,67530,Branch,-98.8108,38.3621
Frontier Farm Credit,2219 Natchez,Hiawatha,KS,66434,Branch,-95.56307,39.84616
High Plains Farm Credit,605 Main St,Larned,KS,67550,Branch,-99.100174,38.179983
Frontier Farm Credit,2005 Harding DR,Parsons,KS,67357,Branch,-95.2664,37.3665
High Plains Farm Credit,290 NE State Rd 61,Pratt,KS,67124,Branch,-98.715548,37.65273
American AgCredit,706 S. Main Street,Pratt,KS,67871,Branch,-98.739338,37.639314
Frontier Farm Credit,1808 Road G,Emporia,KS,66801,Branch,-96.24328,38.42012
American AgCredit,4105 N Ridge RD,Wichita,KS,67205,Branch,-97.427342,37.75838
American AgCredit,1501 Soule Street,Dodge City,KS,67801,Branch,-100.033552,37.773181
High Plains Farm Credit,408 W. Frontview St.,Dodge City,KS,67801,Branch,-100.02243,37.78077
Frontier Farm Credit,835 Pony Express Highway,Marysville,KS,66508,Branch,-96.670025,39.841664
Frontier Farm Credit,2009 Vanesta Place,Manhattan,KS,66503,Branch,-96.63668,39.20354
American AgCredit,302 Fleming Street,Garden City,KS,67846,Branch,-100.85381,37.965613
High Plains Farm Credit,1100 E. 43rd St.,Hays,KS,67601,Branch,-99.315397,38.901265
American AgCredit,925 W. Magnolia,Salina,KS,67401,Branch,-97.622871,38.797494
American AgCredit,2451 N. Kansas,Liberal,KS,67901,Branch,-100.92131,37.067
High Plains Farm Credit,101 Eagle Drive,Ness City,KS,67560,Branch,-99.891779,38.452829
American AgCredit,1422 South Main,Scott City,KS,67871,Branch,-100.90626,38.47016
American AgCredit,1902 E 23rd St,Hutchinson,KS,67502,Branch,-97.88607,38.0801
High Plains Farm Credit,477 F St,Phillipsburg,KS,67661,Branch,-99.322152,39.757289
Farm Credit Mid-America,10020 Nashville Rd,Bowling Green,KY,42101,Branch,-86.52942,36.87273
Farm Credit Mid-America,1502 New Columbia Rd,Campbellsville,KY,42718,Branch,-85.355995,37.315546
Central Kentucky Agricultural Credit Association,2311 Lawrenceburg Road,Frankfort,KY,40601,Branch,-84.89539,38.14917
Farm Credit Mid-America,2800 New Bowling Green Road,Glasgow,KY,42141,Branch,-85.957681,37.013891
River Valley AgCredit,12350 US Hwy 60W,Kevil,KY,42053,Branch,-88.826887,36.959889
Farm Credit Mid-America,3047 Owingsville Road,Mt Sterling,KY,40353,Branch,-83.902235,38.083337
Farm Credit Mid-America,1203 Mt Eden Rd,Shelbyville,KY,40065,Branch,-85.209591,38.194256
Central Kentucky Agricultural Credit Association,485 N Danville Byp,Danville,KY,40422,Branch,-84.80002,37.6556
Farm Credit Mid-America,1201 Providence Place Parkway,Lexington,KY,40511,Branch,-84.480221,38.103244
Farm Credit Mid-America,7112 AA Hwy,Maysville,KY,41056,Branch,-83.74233,38.59912
Central Kentucky Agricultural Credit Association,201 Commerce Dr,Paris,KY,40361,Branch,-84.275862,38.218269
Farm Credit Mid-America,101 Opportunity Way,Elizabethtown,KY,42701,Branch,-85.89199,37.65694
Farm Credit Mid-America,1063 S Hwy 259,Hardinsburg,KY,40143,Branch,-86.470645,37.6429
Farm Credit Mid-America,5172 Canton Pike,Hopkinsville,KY,42240,Branch,-87.552364,36.856905
River Valley AgCredit,1401 N 12th St,Murray,KY,42071,Branch,-88.312928,36.631526
Farm Credit Mid-America,115 Commerce Drive,Russellville,KY,42276,Branch,-86.88287,36.86598
River Valley AgCredit,196 U.S. Highway 51 North,Bardwell,KY,42023,Branch,-89.009107,36.869951
Farm Credit Mid-America,2211 W Highway 914,Somerset,KY,42503,Branch,-84.64541,37.05221
Farm Credit Mid-America,8300 Keach Dr,Henderson,KY,42420,Branch,-87.57074,37.79295
Central Kentucky Agricultural Credit Association,2429 Members Way,Lexington,KY,40504,Branch,-84.54849,38.01955
Farm Credit Mid-America,3216 Buckland Sq,Owensboro,KY,42301,Branch,-87.15076,37.738945
Central Kentucky Agricultural Credit Association,1000 Ival James Blvd,Richmond,KY,40475,Branch,-84.27114,37.75802
River Valley AgCredit,545 Dick Castleman Bypass,Mayfield,KY,42066,Branch,-88.62163,36.723885
Central Kentucky Agricultural Credit Association,106 Agriculture Way,Stanford,KY,40484,Branch,-84.650305,37.551923
River Valley AgCredit,102 N Washington ST,Clinton,KY,42031,Branch,-88.993275,36.667256
Central Kentucky Agricultural Credit Association,842 W Main ST,Lebanon,KY,40033,Branch,-85.27905,37.55673
First South Farm Credit,3206 S LA 13,Crowley,LA,70526,Branch,-92.36093,30.11579
First South Farm Credit,4925 E McNeese St,Lake Charles,LA,70607,Branch,-93.131189,30.176166
First South Farm Credit,321 S Main St,Marksville,LA,71351,Branch,-92.07044,31.12396
Louisiana Land Bank ACA,5073 I-49 S Service Rd,Opelousas,LA,70570,Branch,-92.07305,30.49834
Louisiana Land Bank ACA,3517 Hwy 1 South,Port Allen,LA,70767,Branch,-91.220756,30.41843
First South Farm Credit,1725 St Mary Hwy,Thibodaux,LA,70301,Branch,-90.850844,29.802749
First South Farm Credit,19550 Old Scenic Hwy.,Zachary,LA,70791,Branch,-91.192323,30.643349
Louisiana Land Bank ACA,"594 Gap Farm Rd, Suite A",Arcadia,LA,71001,Branch,-92.912959,32.56626
First South Farm Credit,1896 Hudson Cir Ste 7,Monroe,LA,71201,Branch,-92.1132,32.528
Louisiana Land Bank ACA,2411 Tower DR,Monroe,LA,71201,Branch,-92.1007,32.5274
Southern AgCredit,600 North Vienna Street,Ruston,LA,71270,Branch,-92.637364,32.533667
Southern AgCredit,2042 E 70th St,Shreveport,LA,71105,Branch,-93.705869,32.445461
Louisiana Land Bank ACA,2137 E Bert Kouns Ind Loop,Shreveport,LA,71105,Branch,-93.70447,32.44094
First South Farm Credit,222 N Cedar St,Tallulah,LA,71282,Branch,-91.186119,32.409354
Louisiana Land Bank ACA,472 Highway 65 South,Tallulah,LA,71282,Branch,-91.199904,32.372208
Louisiana Land Bank ACA,4255 Front Street,Winnsboro,LA,71295,Branch,-91.70824,32.15355
First South Farm Credit,811 Jackson Street,Winnsboro,LA,71295,Branch,-91.71296,32.16541
First South Farm Credit,1007 Guy Drive,St Martinville,LA,70582,Branch,-91.81939,30.05145
First South Farm Credit,60050 Westway Drive,Amite,LA,70422,Branch,-90.509054,30.726666
Louisiana Land Bank ACA,"810 C.M. Fagan Dr, Suite B",Hammond,LA,70403,Branch,-90.46519,30.48313
Farm Credit East,615 Minot Ave,Auburn,ME,04210,Branch,-70.251437,44.082823
Farm Credit East,26 Rice St,Presque Isle,ME,04769,Branch,-68.00919,46.69468
Horizon Farm Credit,1614 Churchville Rd,Bel Air,MD,21015,Branch,-76.312171,39.547848
Horizon Farm Credit,379 Deep Shore Rd,Denton,MD,21629,Branch,-75.82467,38.866
Colonial Farm Credit,7431 Leonardtown Rd,Hughesville,MD,20637,Branch,-76.80852,38.54965
Farm Credit of the Virginias,13195 Garrett Hwy,Oakland,MD,21550,Branch,-79.39153,39.42636
Farm Credit of the Virginias,13195 Garrett Hwy,Oakland,MD,21550,Branch,-79.39153,39.42636
Horizon Farm Credit,45 Aileron Court,Westminster,MD,21157,Branch,-76.99851,39.61168
Horizon Farm Credit,102 Morgnec Rd,Chestertown,MD,21620,Branch,-76.07847,39.21942
Horizon Farm Credit,1035 Ocean Hwy,Pocomoke,MD,21851,Branch,-75.54223,38.034746
Horizon Farm Credit,6546 Mid Atlantic Lane,Salisbury,MD,21804,Branch,-75.522035,38.371763
Horizon Farm Credit,125 Prosperity Dr,Winchester,VA,22604,Branch,-78.19945,39.11782
Farm Credit East,785 Hartford Pike,Dayville,CT,06241,Branch,-71.87086,41.83823
Farm Credit East,240 South Road,Enfield,CT,06082,Branch,-72.584708,41.976625
Farm Credit East,67 Bedford Street,Middleboro,MA,02346,Branch,-70.959659,41.907644
Farm Credit East,2 Constitution Drive,Bedford,NH,03110,Branch,-71.50524,42.95716
Farm Credit East,190 NY Route 9H,Hudson,NY,12534,Branch,-73.7321,42.20407
GreenStone Farm Credit Services,1517 Lincoln Rd.,Allegan,MI,49010,Branch,-85.869383,42.529818
GreenStone Farm Credit Services,2200 M-32 W.,Alpena,MI,49707,Branch,-83.495319,45.062127
GreenStone Farm Credit Services,3949 S. Three Mile Rd.,Bay City,MI,48706,Branch,-83.953577,43.569991
GreenStone Farm Credit Services,"1801 N. Lincoln Rd., Ste. A",Escanaba,MI,49829,Branch,-87.08041,45.768617
GreenStone Farm Credit Services,3491 Hartman Rd.,Traverse City,MI,49685,Branch,-85.645707,44.717362
GreenStone Farm Credit Services,8302 Edgewood Rd.,Berrien Springs,MI,49103,Branch,-86.37992,41.9668
GreenStone Farm Credit Services,500 Olds Street,Jonesville,MI,49250,Branch,-84.673618,41.969852
GreenStone Farm Credit Services,100 Spring St.,Concord,MI,49237,Branch,-84.648557,42.180719
GreenStone Farm Credit Services,1075 N. Mission St.,Mt Pleasant,MI,48858,Branch,-84.768155,43.613972
GreenStone Farm Credit Services,722 W. Lawrence Ave.,Charlotte,MI,48813,Branch,-84.847218,42.564462
GreenStone Farm Credit Services,1104 S. US Highway 27,St Johns,MI,48879,Branch,-84.54512,42.99037
GreenStone Farm Credit Services,2942 W. Monroe Rd.,Alma,MI,48801,Branch,-84.665144,43.409085
GreenStone Farm Credit Services,455 Lake Nepessing Rd.,Lapeer,MI,48446,Branch,-83.36056,43.03407
GreenStone Farm Credit Services,749 S. Van Dyke Rd.,Bad Axe,MI,48413,Branch,-83.01447,43.800256
GreenStone Farm Credit Services,3515 West RD Ste 100,East Lansing,MI,48823,Branch,-84.510678,42.76882
GreenStone Farm Credit Services,1962 S. State Rd.,Ionia,MI,48846,Branch,-85.075579,42.959452
GreenStone Farm Credit Services,3225 Walker Ave. N.W.,Grand Rapids,MI,49544,Branch,-85.72815,43.02264
GreenStone Farm Credit Services,225 W. Lyons St.,Schoolcraft,MI,49087,Branch,-85.63899,42.12106
GreenStone Farm Credit Services,5285 W. US Highway 223,Adrian,MI,49221,Branch,-84.08991,41.90493
GreenStone Farm Credit Services,7597 S. Mackinaw Trl.,Cadillac,MI,49601,Branch,-85.39707,44.22867
GreenStone Farm Credit Services,1040 W. Highland Rd.,Howell,MI,48843,Branch,-83.947056,42.622097
GreenStone Farm Credit Services,3486 W. Polk Rd.,Hart,MI,49420,Branch,-86.363954,43.688398
GreenStone Farm Credit Services,8897 W. Tamarack Rd.,Lakeview,MI,48850,Branch,-85.231477,43.438219
GreenStone Farm Credit Services,15615 S. Telegraph Rd.,Monroe,MI,48161,Branch,-83.42547,41.90646
GreenStone Farm Credit Services,11020 Gratiot Rd.,Saginaw,MI,48609,Branch,-84.1314,43.41693
GreenStone Farm Credit Services,704 W. Corunna Ave.,Corunna,MI,48817,Branch,-84.13207,42.98409
GreenStone Farm Credit Services,700 W Sanilac RD,Sandusky,MI,48471,Branch,-82.858181,43.421624
GreenStone Farm Credit Services,7530 Jackson Rd.,Ann Arbor,MI,48103,Branch,-83.878592,42.294339
GreenStone Farm Credit Services,1570 Cleaver Rd.,Caro,MI,48723,Branch,-83.38734,43.51202
AgCountry Farm Credit Services,873 Hwy 10 East,Detroit Lakes,MN,56501,Branch,-95.824841,46.809316
AgCountry Farm Credit Services,907 Prairie Pines Dr.,Fosston,MN,56542,Branch,-95.73737,47.56944
Compeer Financial,1710 E 10th St,Glencoe,MN,55336,Branch,-94.144747,44.76913
AgCountry Farm Credit Services,316 East 1st Street,Graceville,MN,56240,Branch,-96.43062,45.56535
Compeer Financial,806 3rd St South,Waite Park,MN,56387,Branch,-94.2268,45.54739
Compeer Financial,540 Baldwin Plaza Drive,Baldwin,WI,54002,Branch,-92.371198,44.93895
Compeer Financial,1700 Giant Dr,Blue Earth,MN,56013,Branch,-94.09844,43.65828
AgCountry Farm Credit Services,4401 Highway 71 South,Willmar,MN,56201,Branch,-95.041208,45.082102
AgCountry Farm Credit Services,1900 44th St South,Fargo,ND,58103,Branch,-96.8587,46.85105
Compeer Financial,2912 Pioneer Ave,Rice Lake,WI,54868,Branch,-91.740778,45.471385
Compeer Financial,1791 Diagonal Road,Worthington,MN,56187,Branch,-95.620902,43.634841
AgCountry Farm Credit Services,1022 Broadway Street,Alexandria,MN,56308,Branch,-95.378216,45.880396
Compeer Financial,21088 Keswick Loop,Lakeville,MN,55044,Branch,-93.29956,44.64387
Compeer Financial,7540 Airport View Drive SW,Rochester,MN,55902,Branch,-92.48023,43.91254
AgCountry Farm Credit Services,17 First Street NE,Elbow Lake,MN,56531,Branch,-95.976201,45.993349
AgCountry Farm Credit Services,224 N Atlantic Ave,Hallock,MN,56728,Branch,-96.94876,48.778431
AgCountry Farm Credit Services,112 5th Ave,Madison,MN,56256,Branch,-96.19133,45.010013
AgCountry Farm Credit Services,302 S O'Connell St,Marshall,MN,56258,Branch,-95.7577,44.44721
AgCountry Farm Credit Services,208 Third Ave NW,Roseau,MN,56751,Branch,-95.76541,48.84782
AgCountry Farm Credit Services,406 N McKinley St,Warren,MN,56762,Branch,-96.7751,48.19529
Compeer Financial,1921 Premier Dr,Mankato,MN,56001,Branch,-93.947508,44.179457
AgCountry Farm Credit Services,530 Fisher Avenue,Crookston,MN,56716,Branch,-96.6072,47.789747
AgCountry Farm Credit Services,311 North Tower Road,Fergus Falls,MN,56537,Branch,-96.10348,46.28652
AgCountry Farm Credit Services,2044 State Hwy 1 NE,Thief River Falls,MN,56701,Branch,-96.212731,48.123076
AgCountry Farm Credit Services,103 Atlantic Avenue So,Morris,MN,56267,Branch,-95.91142,45.58291
AgCountry Farm Credit Services,1701 West Lincoln Ave,Olivia,MN,56277,Branch,-95.005069,44.77588
AgCountry Farm Credit Services,161 County Highway 101,Redwood Falls,MN,56283,Branch,-95.09528,44.54256
AgCountry Farm Credit Services,1982 Two Ten Drive,Wahpeton,ND,58075,Branch,-96.621157,46.288146
Southern AgCredit,130 S Whitworth Ave,Brookhaven,MS,39601,Branch,-90.44358,31.578856
Mississippi Land Bank,3598-A Hwy 61 North,Cleveland,MS,38732,Branch,-90.71663,33.80017
Mississippi Land Bank,2101 Hwy 72 East,Corinth,MS,38834,Branch,-88.50177,34.91486
First South Farm Credit,1021 Hwy 82 East,Leland,MS,38756,Branch,-90.87842,33.40196
First South Farm Credit,501 Apache Dr,McComb,MS,39648,Branch,-90.480638,31.254677
First South Farm Credit,914 Van Buren Ave,Oxford,MS,38655,Branch,-89.521078,34.365928
First South Farm Credit,260 Trace Colony Park Drive,Ridgeland,MS,39157,Branch,-90.15235,32.42636
Mississippi Land Bank,P O Box 971,Senatobia,MS,38668,Branch,-89.879602,34.61942
First South Farm Credit,1626 N. Veterans Memorial Blvd. Suite C,Tupelo,MS,38804,Branch,-88.679494,34.280816
First South Farm Credit,306 E Jefferson St,Aberdeen,MS,39730,Branch,-88.54115,33.822558
First South Farm Credit,1009 North Main Street,Calhoun City,MS,38916,Branch,-89.3152,33.86768
Southern AgCredit,2217 Highway 82 West,Greenwood,MS,38930,Branch,-90.22393,33.5277
First South Farm Credit,1703 Hwy. 82 West,Greenwood,MS,38930,Branch,-90.212019,33.525937
Southern AgCredit,306 Commerce Center Drive,Ridgeland,MS,39157,Branch,-90.146372,32.445271
First South Farm Credit,"1089D Stark Road, Suite 3",Starkville,MS,39759,Branch,-88.846,33.45473
Mississippi Land Bank,3517 Tom Watson Dr,Saltillo,MS,38866,Branch,-88.697392,34.307198
First South Farm Credit,505 E Second Street,Clarksdale,MS,38614,Branch,-90.569499,34.204074
Mississippi Land Bank,2653 N State St,Clarksdale,MS,38614,Branch,-90.541566,34.206822
First South Farm Credit,4 Thompson Park,Hattiesburg,MS,39401,Branch,-89.32335,31.280089
First South Farm Credit,23 Dunnbarr,Laurel,MS,39440,Branch,-89.150549,31.751247
First South Farm Credit,197 George Payne Cossar Blvd.,Charleston,MS,38921,Branch,-90.05526,34.007405
Southern AgCredit,12196 Highway 49,Gulfport,MS,39503,Branch,-89.100649,30.462223
First South Farm Credit,122 Main Street,Indianola,MS,38751,Branch,-90.650982,33.451945
FCS Financial,108 North Prosperity,Joplin,MO,64801,Branch,-94.423068,37.084392
FCS Financial,509 HBC Road,Macon,MO,63552,Branch,-92.473025,39.737816
FCS Financial,27186 282nd Street,Maryville,MO,64468,Branch,-94.87234,40.31227
FCS Financial,2810 E Liberty St,Mexico,MO,65265,Branch,-91.84419,39.16285
FCS Financial,1925 N Osage Blvd,Nevada,MO,64772,Branch,-94.345664,37.859362
FCS Financial,2109 S Riverside Rd,St Joseph,MO,64507,Branch,-94.767246,39.747905
FCS Financial,2800 Woodard Drive,Columbia,MO,65202,Branch,-92.28277,38.97888
Farm Credit Southeast Missouri,1114 N Outer Rd,Dexter,MO,63841,Branch,-89.9761,36.80887
FCS Financial,30405 SE Outer Road,Harrisonville,MO,64701,Branch,-94.349612,38.564
Farm Credit Southeast Missouri,420 W Washington,Jackson,MO,63755,Branch,-89.67164,37.384292
Farm Credit Southeast Missouri,811 S Bypass,Kennett,MO,63857,Branch,-90.048554,36.226247
Farm Credit Southeast Missouri,791 S Hwy 105,Charleston,MO,63834,Branch,-89.35703,36.8367
Farm Credit Southeast Missouri,107 E Outer RD,Poplar Bluff,MO,63901,Branch,-90.46139,36.7271
Farm Credit Southeast Missouri,501 W State Hwy 162,Portageville,MO,63873,Branch,-89.69975,36.43864
FCS Financial,2600 S Limit,Sedalia,MO,65301,Branch,-93.25161,38.68854
Farm Credit Southeast Missouri,1110 N Main,Sikeston,MO,63801,Branch,-89.58693,36.89134
FCS Financial,1405 N Walnut St,Cameron,MO,64429,Branch,-94.23488,39.7517
FCS Financial,2880 N Washington St,Chillicothe,MO,64601,Branch,-93.55182,39.82153
FCS Financial,936 Alexis Avenue,Lebanon,MO,65536,Branch,-92.668435,37.653059
FCS Financial,1360 N Lexington Ave,Marshall,MO,65340,Branch,-93.22484,39.13623
FCS Financial,500 South State Hwy B,Springfield,MO,65802,Branch,-93.4221,37.20627
FCS Financial,1930 E Miller St,Jefferson City,MO,65101,Branch,-92.148571,38.552624
FCS Financial,300 Hwy 50 West,Union,MO,63084,Branch,-91.01054,38.439982
FCS Financial,1005 Porter Wagoner Blvd,West Plains,MO,65775,Branch,-91.8681,36.737482
FCS Financial,150 Walker Drive,Farmington,MO,63640,Branch,-90.446335,37.773686
FCS Financial,4100 Highway 13 Blvd,Higginsville,MO,64037,Branch,-93.73404,39.05447
FCS Financial,1051 Peruque Crossing Ct,O'Fallon,MO,63366,Branch,-90.76676,38.80687
FCS Financial,3200 Hwy 61,Hannibal,MO,63401,Branch,-91.403086,39.73335
AgWest Farm Credit,3490 Gabel Road,Billings,MT,59102,Branch,-108.603061,45.743898
AgWest Farm Credit,2530 Honor Lane,Bozeman,MT,59718,Branch,-111.071687,45.717272
AgWest Farm Credit,134 E Reeder St,Dillon,MT,59725,Branch,-112.638587,45.214545
AgWest Farm Credit,1705 US Hwy 2 NW,Havre,MT,59501,Branch,-109.71219,48.557325
AgWest Farm Credit,502 S Haynes Ave.,Miles City,MT,59301,Branch,-105.82202,46.40342
AgWest Farm Credit,54147 US Hwy 2,Glasgow,MT,59230,Branch,-106.6407,48.19985
AgWest Farm Credit,700 River Dr S,Great Falls,MT,59405,Branch,-111.307679,47.497517
AgWest Farm Credit,3021 Palmer St,Missoula,MT,59808,Branch,-114.035029,46.886645
AgWest Farm Credit,123 N Central Ave,Sidney,MT,59270,Branch,-104.15622,47.715968
AgWest Farm Credit,519 S Main,Conrad,MT,59425,Branch,-111.947921,48.166575
AgWest Farm Credit,120 Wunderlin St,Lewistown,MT,59457,Branch,-109.440218,47.05689
Farm Credit Services of America,2555 South E Street,Broken Bow,NE,68822,Branch,-99.660583,41.402652
Farm Credit Services of America,3333 W Faidley Ave,Grand Island,NE,68803,Branch,-98.379972,40.923782
Farm Credit Services of America,4070 East 56th Street,Kearney,NE,68847,Branch,-99.02811,40.72912
Farm Credit Services of America,207 N 34th St,Norfolk,NE,68701,Branch,-97.462795,42.03406
Farm Credit Services of America,197 W. State Farm Road,North Platte,NE,69101,Branch,-100.767244,41.090919
Farm Credit Services of America,411 Valley View DR,Scottsbluff,NE,69361,Branch,-103.657916,41.879289
Farm Credit Services of America,2390 Highway 2,Alliance,NE,69301,Branch,-102.899343,42.104654
Farm Credit Services of America,4865 Old Monastery Road,Columbus,NE,68601,Branch,-97.349106,41.467196
Farm Credit Services of America,507 E Highway 20,O'Neill,NE,68763,Branch,-98.629754,42.451099
Farm Credit Services of America,4101 N 6th St,Beatrice,NE,68310,Branch,-96.74816,40.30864
Farm Credit Services of America,686 E 3rd ST,Imperial,NE,69033,Branch,-101.62927,40.51453
Farm Credit Services of America,855 Fallbrook Rd,Lincoln,NE,68524,Branch,-96.732652,40.87642
Farm Credit Services of America,1806 N Highway 83,Mccook,NE,69001,Branch,-100.651108,40.217981
American AgCredit,285 Tenth Street,Elko,NV,89801,Branch,-115.757166,40.835444
Farm Credit East,250 Commerce Way,Derby,VT,05829,Branch,-72.15711,44.95552
Farm Credit East,52 FarmVu Dr,White River Junction,VT,05001,Branch,-72.33262,43.64312
Farm Credit East,29 Landis Avenue,Bridgeton,NJ,08302,Branch,-75.20476,39.46301
Farm Credit East,9 County Road 618,Lebanon,NJ,08833,Branch,-74.860935,40.582245
American AgCredit,5651 Balloon Fiesta Parkway NE,Albuquerque,NM,87113,Branch,-106.58152,35.199555
AgTrust Farm Credit,19554 Hwy. 314,Belen,NM,87002,Branch,-106.76149,34.70924
AgTrust Farm Credit,4501 N Prince St,Clovis,NM,88101,Branch,-103.195669,34.443199
American AgCredit,301 West Llano Estacado,Clovis,NM,88101,Branch,-103.210768,34.433361
AgTrust Farm Credit,"1338 Picacho Hills Dr., Suite #1",Las Cruces,NM,88007,Branch,-106.856544,32.307892
American AgCredit,2800 Las Vegas CT,Las Cruces,NM,88007,Branch,-106.816191,32.30908
American AgCredit,1300 W Country Club Rd,Roswell,NM,88201,Branch,-104.54107,33.42253
American AgCredit,323 S Second St,Tucumcari,NM,88401,Branch,-103.72639,35.1762
Farm Credit East,7397 NY Route 80,Cooperstown,NY,13326,Branch,-74.93227,42.69643
Farm Credit East,1 Technology Place,Homer,NY,13077,Branch,-76.19226,42.62992
Farm Credit East,1450 NY Route 14,Phelps,NY,14532,Branch,-76.97487,42.692
Farm Credit East,1155 Airport Road,Hornell,NY,14843,Branch,-77.676367,42.379291
Farm Credit East,28 E Chautauqua St,Mayville,NY,14757,Branch,-79.503339,42.256051
Farm Credit East,1281 NY Route 58,Riverhead,NY,11901,Branch,-72.680632,40.920632
Farm Credit East,130 Upper Weldon St,St Albans,VT,05478,Branch,-73.07106,44.802
Farm Credit East,4363 Federal Drive,Batavia,NY,14020,Branch,-78.19344,43.02147
Farm Credit East,1 Pioneer Drive,Potsdam,NY,13676,Branch,-74.96443,44.67047
Farm Credit East,320 Exchange St,Middlebury,VT,05753,Branch,-73.16945,44.02309
Farm Credit East,25417 NY Route 12,Watertown,NY,13601,Branch,-75.864031,43.933458
Farm Credit East,394 NY Route 29,Greenwich,NY,12834,Branch,-73.43456,43.10286
AgSouth Farm Credit,620 N First St,Albemarle,NC,28001,Branch,-80.19885,35.35991
AgSouth Farm Credit,2186 US Highway 220 North,Ellerbe,NC,28338,Branch,-79.762925,35.080235
AgSouth Farm Credit,225 N Main St,Graham,NC,27253,Branch,-79.399886,36.072021
AgSouth Farm Credit,545 E Main St,Jefferson,NC,28640,Branch,-81.46554,36.42094
AgSouth Farm Credit,282 N Main St,Sparta,NC,28675,Branch,-81.12438,36.508255
AgSouth Farm Credit,1218 NC Hwy 90 West,Taylorsville,NC,28681,Branch,-81.19717,35.92326
AgCarolina Farm Credit,408 North Carolina 561 West,Ahoskie,NC,27910,Branch,-76.99049,36.290298
AgSouth Farm Credit,701 Brevard Rd,Asheville,NC,28806,Branch,-82.597736,35.54141
AgSouth Farm Credit,1109 Conover Blvd E,Conover,NC,28613,Branch,-81.20358,35.70319
AgCarolina Farm Credit,108 N Poplar St,Elizabethtown,NC,28337,Branch,-78.60484,34.6296
AgCarolina Farm Credit,300 Liberty St,Whiteville,NC,28472,Branch,-78.709874,34.345784
AgCarolina Farm Credit,1105 Garrett Rd.,Williamston,NC,27892,Branch,-77.06867,35.8335
AgCarolina Farm Credit,101 Impact Blvd.,Elizabeth City,NC,27909,Branch,-76.305578,36.261995
AgCarolina Farm Credit,1309 S. Glenburnie Rd.,New Bern,NC,28561,Branch,-77.088928,35.120448
AgSouth Farm Credit,607 Leasburg Rd,Roxboro,NC,27573,Branch,-78.999235,36.391026
AgSouth Farm Credit,105 Hiwassee St,Murphy,NC,28906,Branch,-84.035739,35.086632
AgSouth Farm Credit,1216 Fallston Rd,Shelby,NC,28150,Branch,-81.520582,35.31482
AgSouth Farm Credit,110 E Beaver St,Siler City,NC,27344,Branch,-79.461765,35.721997
AgSouth Farm Credit,1001 S State St,Yadkinville,NC,27055,Branch,-80.65948,36.11583
AgCarolina Farm Credit,127 Beasley Street,Kenansville,NC,28349,Branch,-77.95848,34.96467
AgSouth Farm Credit,813 W Hwy 150,Lincolnton,NC,28092,Branch,-81.269652,35.46358
AgCarolina Farm Credit,222 N. Bickett Blvd.,Louisburg,NC,27549,Branch,-78.293714,36.100722
AgCarolina Farm Credit,2472 Woodruff Rd.,Rocky Mount,NC,27804,Branch,-77.838739,35.997178
AgSouth Farm Credit,340 Bethania Rural Hall Rd,Rural Hall,NC,27045,Branch,-80.29809,36.23971
AgSouth Farm Credit,4960 Oldway Rd,Browns Summit,NC,27214,Branch,-79.68144,36.21544
AgCarolina Farm Credit,636 Rock Spring RD,Greenville,NC,27834,Branch,-77.44017,35.63004
AgCarolina Farm Credit,419 S. King St.,Halifax,NC,27839,Branch,-77.5926,36.32108
AgCarolina Farm Credit,400 W Broad Street,Dunn,NC,28334,Branch,-78.613633,35.310516
AgCarolina Farm Credit,331 S Main St,Raeford,NC,28376,Branch,-79.223471,34.973823
AgCarolina Farm Credit,13191 US Hwy 264,Swan Quarter,NC,27885,Branch,-76.325309,35.42494
AgSouth Farm Credit,4444 US HWY 15-501,Carthage,NC,28327,Branch,-79.401362,35.335837
AgCarolina Farm Credit,7900 Hwy. 70 West,LaGrange,NC,28551,Branch,-77.75781,35.28815
AgCarolina Farm Credit,2850 US Hwy. 70 Bus. East,Smithfield,NC,27577,Branch,-78.30797,35.49894
AgSouth Farm Credit,1704 Wilkesboro Rd,Statesville,NC,28625,Branch,-80.91062,35.80763
AgSouth Farm Credit,502 W Main St,Burnsville,NC,28714,Branch,-82.304597,35.916493
AgSouth Farm Credit,2351 Concord Avenue,Monroe,NC,28112,Branch,-80.54392,35.012828
AgSouth Farm Credit,405 Oak St,Spindale,NC,28160,Branch,-81.93597,35.35047
AgCarolina Farm Credit,811 S Walker Street,Burgaw,NC,28425,Branch,-77.914809,34.543653
AgSouth Farm Credit,251 Rock Crusher Rd,Asheboro,NC,27203,Branch,-79.78491,35.70682
AgCarolina Farm Credit,1902 N Cedar St,Lumberton,NC,28358,Branch,-79.002761,34.630552
AgCarolina Farm Credit,1780 Southeast Blvd,Clinton,NC,28328,Branch,-78.304527,34.981228
AgSouth Farm Credit,698 S Key St,Pilot Mountain,NC,27041,Branch,-80.48378,36.37671
AgCarolina Farm Credit,4000 Poole Rd.,Raleigh,NC,27610,Branch,-78.56969,35.767347
AgSouth Farm Credit,902 Curtis Bridge Rd,Wilkesboro,NC,28697,Branch,-81.166315,36.145846
AgCountry Farm Credit Services,1308 Highway 5 NE,Bottineau,ND,58318,Branch,-100.423391,48.819768
Farm Credit Services of Mandan,107 Hwy 12 West,Bowman,ND,58623,Branch,-103.397241,46.175999
Farm Credit Services of Mandan,1300 Roughrider Blvd,Dickinson,ND,58601,Branch,-102.835228,46.896091
AgCountry Farm Credit Services,1650 9th Ave SE,Rugby,ND,58368,Branch,-100.009573,48.36811
AgCountry Farm Credit Services,220 Winter Show Road SW,Valley City,ND,58072,Branch,-98.005034,46.91476
AgCountry Farm Credit Services,200 1st Street SW,LaMoure,ND,58458,Branch,-98.296381,46.355948
Farm Credit Services of Mandan,1600 Old Red Trail,Mandan,ND,58554,Branch,-100.911842,46.84881
AgCountry Farm Credit Services,1400 31st Ave SW,Minot,ND,58702,Branch,-101.3141,48.20398
AgCountry Farm Credit Services,1802 13th Ave W,Williston,ND,58801,Branch,-103.64155,48.162829
AgCountry Farm Credit Services,385 Highway 281 NE,Carrington,ND,58421,Branch,-99.117421,47.467391
AgCountry Farm Credit Services,4350 32nd Avenue South,Grand Forks,ND,58208,Branch,-97.09108,47.890507
Farm Credit Services of Mandan,1207 Beaver Avenue,Wishek,ND,58495,Branch,-99.549004,46.259144
Farm Credit Services of Mandan,108 First Ave East,Carson,ND,58529,Branch,-101.56352,46.420854
Farm Credit Services of Mandan,213 Hwy 49 North,Beulah,ND,58523,Branch,-101.785671,47.264185
Farm Credit Services of Mandan,1157 Border Lane,Washburn,ND,58577,Branch,-101.02596,47.29584
AgCountry Farm Credit Services,300 Main Street West,Cavalier,ND,58220,Branch,-97.62588,48.794182
AgCountry Farm Credit Services,707 Hwy 2 East,Devils Lake,ND,58301,Branch,-98.855208,48.101309
AgCountry Farm Credit Services,604 Main Street,Lisbon,ND,58054,Branch,-97.68164,46.44031
AgCountry Farm Credit Services,2506 3rd Ave SW,Jamestown,ND,58401,Branch,-98.711431,46.882022
AgCountry Farm Credit Services,1005 Hill Ave,Grafton,ND,58237,Branch,-97.41167,48.414269
AgCountry Farm Credit Services,802 W Caledonia Ave,Hillsboro,ND,58045,Branch,-97.070486,47.402904
Farm Credit Mid-America,2368 Blizzard Lane,Albany,OH,45710,Branch,-82.19404,39.23403
Farm Credit Mid-America,1625 E 5th St,Delphos,OH,45833,Branch,-84.320596,40.84622
Farm Credit Mid-America,875 N Lexington-Springmill Rd,Mansfield,OH,44906,Branch,-82.59102,40.77624
Farm Credit Mid-America,100 Grieshop Street,Mt. Orab,OH,45154,Branch,-83.91873,39.04371
Farm Credit Mid-America,300 N Maple St,Orwell,OH,44076,Branch,-80.867037,41.54326
Farm Credit Mid-America,1980 W Main Street,Alliance,OH,44601,Branch,-81.137459,40.918718
Farm Credit Mid-America,8971 Whitaker Rd,Cambridge,OH,43725,Branch,-81.57511,39.98671
Farm Credit Mid-America,312 Eaton Lewisburg Rd,Eaton,OH,45320,Branch,-84.63219,39.76264
Farm Credit Mid-America,2241 Troy Rd,Springfield,OH,45504,Branch,-83.865501,39.961084
Ag Credit,3113 SR 98,Bucyrus,OH,44820,Branch,-82.96289,40.81991
Farm Credit Mid-America,1540 US Hwy 62 SW,Washington Court House,OH,43160,Branch,-83.463651,39.522373
Farm Credit Mid-America,23052 St Rt 34,Stryker,OH,43557,Branch,-84.388523,41.472705
Ag Credit,735 A US Highway 20 East,Norwalk,OH,44857,Branch,-82.61498,41.241638
Farm Credit Mid-America,3910 Johnsontown-Utica Rd NE,Utica,OH,43080,Branch,-82.424159,40.243435
Farm Credit Mid-America,10539 Kley Rd,Versailles,OH,45380,Branch,-84.464598,40.224107
Farm Credit Mid-America,1640 North Main St,Bellefontaine,OH,43311,Branch,-83.753151,40.383921
Ag Credit,7868 County Road 140,Findlay,OH,45840,Branch,-83.689501,41.052573
Ag Credit,PO Box 203,Kenton,OH,43326,Branch,-83.783036,40.69133
Ag Credit,1485 N Scott St,Napoleon,OH,43545,Branch,-84.132025,41.400809
Farm Credit Mid-America,28184 Scippo Creek Road,Circleville,OH,43113,Branch,-82.969569,39.520821
Farm Credit Mid-America,382 W Liberty St,Wooster,OH,44691,Branch,-81.945475,40.797166
Ag Credit,111 E Gypsy Lane Rd,Bowling Green,OH,43402,Branch,-83.649111,41.35689
Ag Credit,104 Pinnacle Drive,Fremont,OH,43420,Branch,-83.08651,41.36547
Ag Credit,311 Maple St.,Wellington,OH,44090,Branch,-82.209143,41.179824000000004
Farm Credit Mid-America,1225 Irmscher Blvd,Celina,OH,45822,Branch,-84.539769,40.560693
Ag Credit,1100 E Center St,Marion,OH,43302,Branch,-83.101909,40.590217
Ag Credit,5362 US Highway 42,Mount Gilead,OH,43338,Branch,-82.831659,40.536731
Ag Credit,839 N Williams ST,Paulding,OH,45879,Branch,-84.580273,41.14756
Ag Credit,1195 Professional Dr,Van Wert,OH,45891,Branch,-84.5928,40.85209
Ag Credit,315 W Williamstown RD,Ottawa,OH,45875,Branch,-84.050638,41.011021
Ag Credit,2500 W Market ST,Tiffin,OH,44883,Branch,-83.21903,41.10828
Ag Credit,97 Houpt Dr,Upper Sandusky,OH,43351,Branch,-83.28165,40.839551
Oklahoma AgCredit,2801 W University Blvd,Durant,OK,74701,Branch,-96.405338,34.004909
Farm Credit of Western Oklahoma,101 Carter Road,Elk City,OK,73644,Branch,-99.40046,35.38547
Oklahoma AgCredit,805 Chisholm Trail,Enid,OK,73702,Branch,-97.88842,36.43054
Farm Credit of Western Oklahoma,2143 Hwy 64 North,Guymon,OK,73942,Branch,-101.483951,36.702721
Oklahoma AgCredit,17765 U. S. Hwy 81,Kingfisher,OK,73750,Branch,-97.887667,36.19632
Oklahoma AgCredit,2810 W. Shawnee Bypass,Muskogee,OK,74401,Branch,-95.39738,35.77055
Oklahoma AgCredit,1420 N. Clarence Nash Blvd,Watonga,OK,73772,Branch,-98.418775,35.858934
Farm Credit of Western Oklahoma,513 S. Mission,Anadarko,OK,73005,Branch,-98.251327,35.069223
Oklahoma AgCredit,2507 North Rockford Rd,Ardmore,OK,73401,Branch,-97.161145,34.199968
Oklahoma AgCredit,1027 W. Choctaw,Chickasha,OK,73018,Branch,-97.946485,35.05209
Oklahoma AgCredit,2108 SE Washington,Idabel,OK,74745,Branch,-94.79781,33.89514
Farm Credit of Western Oklahoma,3120 N Main ST,Altus,OK,73521,Branch,-99.333305,34.669732
Oklahoma AgCredit,1902 S. Hwy 81,Duncan,OK,73533,Branch,-97.965672,34.482924
Oklahoma AgCredit,"2801 N. Kickapoo, Suite B",Shawnee,OK,74802,Branch,-96.92948,35.363
Farm Credit of Western Oklahoma,4955 Farm Credit Drive,Tuttle,OK,73089,Branch,-97.809913,35.290828
Oklahoma AgCredit,265 W. Dwain Willis Ave,Vinita,OK,74301,Branch,-95.164436,36.626265
Oklahoma AgCredit,601 E. Kenosha St.,Broken Arrow,OK,74012,Branch,-95.783646,36.060444
Farm Credit of Western Oklahoma,2600 Modelle,Clinton,OK,73601,Branch,-98.967574,35.508649
Oklahoma AgCredit,519 E 32nd Ave,Stillwater,OK,74074,Branch,-97.05259,36.08679
Farm Credit of Western Oklahoma,3302 Williams Ave,Woodward,OK,73801,Branch,-99.378833,36.412985
Farm Credit of Western Oklahoma,219 Oklahoma Blvd,Alva,OK,73717,Branch,-98.661293,36.797222
Oklahoma AgCredit,509 W. Paul,Pauls Valley,OK,73075,Branch,-97.224443,34.737585
Oklahoma AgCredit,1104 S. George Nigh Expressway,McAlester,OK,74501,Branch,-95.758742,34.897512
Oklahoma AgCredit,536 Leahy Ave,Pawhuska,OK,74056,Branch,-96.337615,36.663624
Oklahoma AgCredit,28824 State Hwy 112,Poteau,OK,74953,Branch,-94.616399,35.105028
AgWest Farm Credit,3370 10th St,Baker City,OR,97814,Branch,-117.840171,44.789746
AgWest Farm Credit,"15220 NW Greenbrier Parkway, Suite 105",Beaverton,OR,97006,Branch,-122.832275,45.525641
AgWest Farm Credit,94482 Highway 99 E,Junction City ,OR,97448,Branch,-123.20531,44.23062
AgWest Farm Credit,2222 NW Kline St,Roseburg,OR,97471,Branch,-123.37986,43.23402
AgWest Farm Credit,12 SW Nye Ave,Pendleton,OR,97801,Branch,-118.780655,45.661222
AgWest Farm Credit,2950 SW 6th Street,Redmond,OR,97756,Branch,-121.173364,44.24934
AgWest Farm Credit,3591 Klindt Dr,The Dalles,OR,97058,Branch,-121.197508,45.62481
AgWest Farm Credit,380 Farm Credit Drive SE,Salem,OR,97301,Branch,-122.994904,44.925095
Horizon Farm Credit,610 Evans City Rd,Butler,PA,16001,Branch,-79.97413,40.85844
Horizon Farm Credit,2322 Curryville Road,Martinsburg,PA,16662,Branch,-78.32983,40.2998
Horizon Farm Credit,921 S Center Ave,Hunker,PA,15639,Branch,-79.594928,40.195407
Horizon Farm Credit,1513 Main St,Shoemakersville,PA,19555,Branch,-75.970919,40.521413
Horizon Farm Credit,1434 Seven Valleys Road,York,PA,17408,Branch,-76.78688,39.88969
Horizon Farm Credit,1 Buffalo Street,Coudersport,PA,16915,Branch,-77.984464,41.772559
Horizon Farm Credit,24668 US 6,Towanda,PA,18848,Branch,-76.46691,41.79502
Horizon Farm Credit,450 International DR,Lewisburg,PA,17837,Branch,-76.87599,40.99126
Horizon Farm Credit,45 Sheetz DR,Reedsville,PA,17084,Branch,-77.60894,40.66762
Horizon Farm Credit,109 Farm Credit Dr,Chambersburg,PA,17202,Branch,-77.616011,39.985992
Horizon Farm Credit,11555 State Hwy 98,Meadville,PA,16335,Branch,-80.20384,41.62554
Horizon Farm Credit,15 Eby Chiques RD,Mount Joy,PA,17552,Branch,-76.460127,40.110508
AgSouth Farm Credit,951 E Pine Log Rd,Aiken,SC,29803,Branch,-81.693993,33.534841
AgSouth Farm Credit,4930 Burtons Ferry Hwy,Allendale,SC,29810,Branch,-81.28873,33.02466
AgSouth Farm Credit,1325 Pearman Dairy Rd (28 Bypass),Anderson,SC,29625,Branch,-82.693912,34.523405
AgSouth Farm Credit,306 Hillcrest Dr,Laurens,SC,29360,Branch,-82.01736,34.50562
AgSouth Farm Credit,1880 Joe S Jeffords Hwy,Orangeburg,SC,29115,Branch,-80.846618,33.472989
AgSouth Farm Credit,1321 Springdale Rd,Rock Hill,SC,29730,Branch,-80.964069,34.938207
AgSouth Farm Credit,101 North Town Drive,Spartanburg,SC,29303,Branch,-81.969862,34.983695
AgSouth Farm Credit,2630 Colonel Thomson Hwy,St Matthews,SC,29135,Branch,-80.76655,33.67522
AgSouth Farm Credit,702 Kate Lane,Summerville,SC,29483,Branch,-80.13481,33.04205
AgSouth Farm Credit,529 Bells Hwy,Walterboro,SC,29488,Branch,-80.674845,32.916935
ArborOne Farm Credit,800 Woody Jones Blvd.,Florence,SC,29501,Branch,-79.837317,34.183558
AgSouth Farm Credit,951 Hwy 1 South,Lugoff,SC,29078,Branch,-80.68145,34.223512
ArborOne Farm Credit,900-C Main St.,Conway,SC,29526,Branch,-79.05141,33.843175
AgSouth Farm Credit,109 East Church Street,Batesburg-Leesville,SC,29070,Branch,-81.528103,33.914892
Farm Credit Services of America,4835 6th Ave SE,Aberdeen,SD,57401,Branch,-98.41689,45.46009
Farm Credit Services of America,81 33rd ST SW,Huron,SD,57350,Branch,-98.216363,44.328269
Farm Credit Services of America,401 Cabela Dr,Mitchell,SD,57301,Branch,-98.0205,43.69062
Farm Credit Services of America,2505 E 4th Street,Pierre,SD,57501,Branch,-100.3164,44.381484
Farm Credit Services of America,2510 N Plaza Dr,Rapid City,SD,57702,Branch,-103.26076,44.10638
Farm Credit Services of America,1114 29th St S E,Watertown,SD,57201,Branch,-97.06703,44.8871
Farm Credit Services of America,322 First Avenue East,Mobridge,SD,57601,Branch,-100.43202,45.536249
Farm Credit Mid-America,812 Congress Pkwy N,Athens,TN,37303,Branch,-84.596705,35.477111
River Valley AgCredit,2620 APD 40,Cleveland,TN,37320,Branch,-84.87442,35.131904
Farm Credit Mid-America,1285 S Walnut Ave,Cookeville,TN,38501,Branch,-85.506678,36.136657
Farm Credit Mid-America,800 Morrow St,Dresden,TN,38225,Branch,-88.7147,36.27958
Farm Credit Mid-America,716 Callahan Dr,Knoxville,TN,37912,Branch,-84.0035,36.02087
Farm Credit Mid-America,676 Pistole Ln,McMinnville,TN,37110,Branch,-85.818591,35.66987
River Valley AgCredit,600 US Hwy 127 Bypass,Pikeville,TN,37367,Branch,-85.19717,35.6055
Farm Credit Mid-America,1908 Madison St,Shelbyville,TN,37160,Branch,-86.406387,35.48037
Farm Credit Mid-America,109 Centre Park Dr,Johnson City,TN,37615,Branch,-82.468449,36.416694
Farm Credit Mid-America,813 S Church St,Murfreesboro,TN,37130,Branch,-86.39234,35.83725
Farm Credit Mid-America,18075 US-64,Somerville,TN,38068,Branch,-89.327703,35.243012
Farm Credit Mid-America,5189 Hwy 41 N,Springfield,TN,37172,Branch,-86.905916,36.54286
Farm Credit Mid-America,100 Nevada Ave,Greeneville,TN,37745,Branch,-82.82051,36.17833
Farm Credit Mid-America,104 Brighton Dr,Humboldt,TN,38343,Branch,-88.85592,35.77779
Farm Credit Mid-America,710 Henslee Dr,Dickson,TN,37055,Branch,-87.391,36.086
Farm Credit Mid-America,800 US 51 North,Ripley,TN,38063,Branch,-89.55402,35.7439
Farm Credit Mid-America,4 Chenault Ford Rd,Fayetteville,TN,37334,Branch,-86.553194,35.154418
Farm Credit Mid-America,449 Crews Street,Lawrenceburg,TN,38464,Branch,-87.316011,35.267709
Farm Credit Mid-America,7605 Hamilton Park Drive,Chattanooga,TN,37421,Branch,-85.13725,35.05649
River Valley AgCredit,1117 Congress Parkway,Athens,TN,37303,Branch,-84.6199,35.45341
River Valley AgCredit,2052 Hwy 72,Loudon,TN,37774,Branch,-84.36435,35.72032
Farm Credit Mid-America,1630 Nashville Hwy,Columbia,TN,38401,Branch,-87.009141,35.654017
Farm Credit Mid-America,1212 South Hartmann Drive,Lebanon,TN,37090,Branch,-86.309057,36.173411
River Valley AgCredit,230 Main Street,Dayton,TN,37321,Branch,-85.01241,35.492221
AgTexas Farm Credit Services,2001 S Soncy Road,Amarillo,TX,79124,Branch,-101.935674,35.190924
Plains Land Bank,5625 Fulton Drive,Amarillo,TX,79109,Branch,-101.90159,35.1677
Capital Farm Credit,101 N 22nd Street,Lamesa,TX,79331,Branch,-101.950601,32.755251
Texas Farm Credit Services,2003 N John Redditt DR,Lufkin,TX,75904,Branch,-94.765632,31.353999
Texas Farm Credit Services,3338 Park Street,Nacogdoches,TX,75961,Branch,-94.61724,31.60836
Texas Farm Credit Services,2519 North Stallings Drive,Nacogdoches,TX,75964,Branch,-94.67714,31.6521
Texas Farm Credit Services,"2209 South Loop 256, Suite #200",Palestine,TX,75801,Branch,-95.614351,31.73482
Texas Farm Credit Services,545 S Hwy 77,Robstown,TX,78380,Branch,-97.660874,27.780587
Capital Farm Credit,3749 FM 1889,Robstown,TX,78380,Branch,-97.658882,27.854678
Capital Farm Credit,5111 College Avenue,Snyder,TX,79549,Branch,-100.919995,32.690475
Texas Farm Credit Services,4608 Kinsey Drive,Tyler,TX,75703,Branch,-95.31473,32.299516
Capital Farm Credit,5363 Kell Blvd West,Wichita Falls,TX,76308,Branch,-98.57638,33.87079
Texas Farm Credit Services,3272 Hwy 16S,Bandera,TX,78003,Branch,-99.070757,29.724425
Capital Farm Credit,8 E Palm Street,Bellville,TX,77418,Branch,-96.256818,29.951759
Texas Farm Credit Services,1301 Highway 290 E,Brenham,TX,77833,Branch,-96.37705,30.14333
Central Texas Farm Credit,550 S 2nd St,Haskell,TX,79521,Branch,-99.734947,33.155824
AgTexas Farm Credit Services,1502 W. 1st St.,Hereford,TX,79045,Branch,-102.412569,34.808438
Capital Farm Credit,1760 East State Hwy 97,Jourdanton,TX,78026,Branch,-98.530746,28.927614
Capital Farm Credit,1001 Sidney Baker Street,Kerrville,TX,78028,Branch,-99.13322,30.05364
Capital Farm Credit,456 N Jefferson,LaGrange,TX,78945,Branch,-96.878855,29.90926
Capital Farm Credit,1601 W American Blvd,Muleshoe,TX,79347,Branch,-102.74099,34.23482
Capital Farm Credit,151 S Munday Avenue,Munday,TX,76371,Branch,-99.62405,33.44823
Texas Farm Credit Services,802 W. Oaklawn,Pleasanton,TX,78064,Branch,-98.49228,28.95733
Capital Farm Credit,2704 Medical Parkway,Taylor,TX,76574,Branch,-97.417423,30.590522
Capital Farm Credit,702 W 5th Street,Clifton,TX,76634,Branch,-97.57797,31.781661
AgTrust Farm Credit,4411 South Interstate 35,Georgetown,TX,78626,Branch,-97.68596,30.603919
Capital Farm Credit,403 N Sunset Strip Hwy 181,Kenedy,TX,78119,Branch,-97.860108,28.824871
Texas Farm Credit Services,16011 Via Shavano,San Antonio,TX,78249,Branch,-98.570905,29.592855
Capital Farm Credit,"2330 Loop 1604 West, Ste. 110",San Antonio,TX,78248,Branch,-98.529059,29.604349
AgTrust Farm Credit,400 E 3rd St,Sweetwater,TX,79556,Branch,-100.405498,32.47251
Capital Farm Credit,2115 Bird Creek Terrace,Temple,TX,76533,Branch,-97.302779,31.018237
Capital Farm Credit,108 W Avenue E,Alpine,TX,79830,Branch,-103.66257,30.35815
Capital Farm Credit,2013 Avenue C,Bay City,TX,77414,Branch,-95.973463,28.983714
Capital Farm Credit,3902 S Traditions Drive,College Station,TX,77845,Branch,-96.3806,30.599074
Capital Farm Credit,1807 North Mechanic,El Campo,TX,77437,Branch,-96.283549,29.21175
Capital Farm Credit,707 Bailey Street,Matador,TX,79244,Branch,-100.821186,34.012651
AgTrust Farm Credit,516 James Bowie Dr,New Boston,TX,75570,Branch,-94.405892,33.470998
AgTexas Farm Credit Services,104 I-27 Frontage,Plainview,TX,79072,Branch,-101.749711,34.178061
Plains Land Bank,3102 W 7th ST,Plainview,TX,79072,Branch,-101.74134,34.1866
Texas Farm Credit Services,1305 Shannon RD E,Sulphur Spgs,TX,75482,Branch,-95.57056,33.1386
Capital Farm Credit,"1217 E. S. 11th, Suite A",Abilene,TX,79602,Branch,-99.702833,32.436479
Central Texas Farm Credit,1026 Early Blvd,Early,TX,76802,Branch,-98.939032,31.745771
Capital Farm Credit,"101 N Pierce St, Suite 1",Burnet,TX,78611,Branch,-98.226443,30.758777
Central Texas Farm Credit,215 West Elm Street,Coleman,TX,76834,Branch,-99.424974,31.827893
Capital Farm Credit,808 N Wells Street,Edna,TX,77957,Branch,-96.64972,28.984618
AgTrust Farm Credit,413 S Western Ave,Lampasas,TX,76550,Branch,-98.178732,31.064939
Capital Farm Credit,1420 S Colorado,Lockhart,TX,78644,Branch,-97.668116,29.865828
AgTexas Farm Credit Services,3145 W. Washington,Stephenville,TX,76401,Branch,-98.25754,32.19539
Texas Farm Credit Services,7185 I-10 South,Beaumont,TX,77705,Branch,-94.18432,30.01015
Capital Farm Credit,907 W Clayton FM 1960,Dayton,TX,77535,Branch,-94.899028,30.045946
Capital Farm Credit,105 W Bedford,Dimmitt,TX,79027,Branch,-102.313771,34.550977
Capital Farm Credit,"8122 West Expressway 83, Suite 1",Harlingen,TX,78552,Branch,-97.768916,26.187715
Texas Farm Credit Services,137 S Eighth,Raymondville,TX,78580,Branch,-97.781489,26.481493
Capital Farm Credit,"708 Hwy 59 N, Suite A",Bowie,TX,76230,Branch,-97.84362,33.56336
Capital Farm Credit,Highway 83 North,Childress,TX,79201,Branch,-100.204623,34.531782
AgTexas Farm Credit Services,301 Highway 114,Levelland,TX,79336,Branch,-102.36478,33.59444
Capital Farm Credit,613 Avenue G,Levelland,TX,79336,Branch,-102.37625,33.586751
Central Texas Farm Credit,1021 S Koenigheim,San Angelo,TX,76903,Branch,-100.44087,31.45095
Capital Farm Credit,1701 W Loop 306,San Angelo,TX,76904,Branch,-100.46361,31.412561
Central Texas Farm Credit,203 S Blackburn St,Brady,TX,76825,Branch,-99.333836,31.133785
Central Texas Farm Credit,1414 N. Austin,Comanche,TX,76442,Branch,-98.598138,31.910294
Texas Farm Credit Services,200 N Dixon ST,Gainesville,TX,76240,Branch,-97.14512,33.62516
Texas Farm Credit Services,2790 Virginia Pkwy,McKinney,TX,75071,Branch,-96.65449,33.19943
Capital Farm Credit,475 Oxford Drive,New Braunfels,TX,78130,Branch,-98.07398,29.72021
Central Texas Farm Credit,110 North High Street,San Saba,TX,76877,Branch,-98.71816,31.196521
Capital Farm Credit,501 Alan L Bean Blvd,Wheeler,TX,79096,Branch,-100.271943,35.44378
Capital Farm Credit,207 S Berkshire,Crosbyton,TX,79322,Branch,-101.239158,33.658454
AgTexas Farm Credit Services,6901 Quaker Avenue,Lubbock,TX,79413,Branch,-101.906488,33.532353
AgTrust Farm Credit,3441 North FM 1417,Sherman,TX,75092,Branch,-96.64157,33.67017
Texas Farm Credit Services,112 E Hwy 82,Bonham,TX,75418,Branch,-96.176482,33.603478
AgTrust Farm Credit,210 N Ridgeway,Cleburne,TX,76033,Branch,-97.409579,32.342798
Capital Farm Credit,201 W 5th Street,Dalhart,TX,79022,Branch,-102.525127,36.061294
Texas Farm Credit Services,6174 Sherry LN,Dallas,TX,75225,Branch,-96.804931,32.861929
AgTrust Farm Credit,3905 Morse St,Denton,TX,76208,Branch,-97.087141,33.205327
AgTexas Farm Credit Services,1315 E 1st,Dumas,TX,79029,Branch,-101.95566,35.86483
Capital Farm Credit,"8340 Gateway East, Suite 208",El Paso,TX,79907,Branch,-106.326323,31.73954
Texas Farm Credit Services,6451 Camp Bowie Blvd,Fort Worth,TX,76116,Branch,-97.424808,32.72429
AgTrust Farm Credit,5600 Clearfork Main St,Fort Worth,TX,76109,Branch,-97.405116,32.708262
Capital Farm Credit,1400 W Park Avenue,Hereford,TX,79045,Branch,-102.421863,34.822746
AgTrust Farm Credit,219 E Franklin St,Hillsboro,TX,76645,Branch,-97.126781,32.012069
AgTrust Farm Credit,655 Clarksville St,Paris,TX,75460,Branch,-95.54931,33.660794
Capital Farm Credit,"10410 Medical Loop, Suite 5D",Laredo,TX,78045,Branch,-99.474698,27.604899
Capital Farm Credit,424 N Hobart,Pampa,TX,79066,Branch,-100.971494,35.535505
Capital Farm Credit,515 Sterley,Spur,TX,79370,Branch,-100.849895,33.476325
AgTexas Farm Credit Services,1316 Corsicana Hwy,Hillsboro,TX,76645,Branch,-97.100111,32.007819
AgTrust Farm Credit,101 East Rd,Stephenville,TX,76401,Branch,-98.190565,32.226729
Texas Farm Credit Services,244 N Getty,Uvalde,TX,78801,Branch,-99.78707,29.21246
AgTrust Farm Credit,112 S 15th St,Corsicana,TX,75110,Branch,-96.469038,32.090285
Capital Farm Credit,607A N 1st Street E,Haskell,TX,79521,Branch,-99.73619,33.15751
Capital Farm Credit,1725 Deaf Smith,Vernon,TX,76385,Branch,-99.286486,34.153026
Texas Farm Credit Services,435 West IH-45,Fairfield,TX,75840,Branch,-96.17886,31.72019
Capital Farm Credit,245 US Hwy 90 E,Hondo,TX,78861,Branch,-99.123535,29.34856
Capital Farm Credit,26611 SW Freeway,Rosenberg,TX,77471,Branch,-95.785726,29.53202
AgTexas Farm Credit Services,2015 Hobbs Hwy,Seminole,TX,79360,Branch,-102.666155,32.722795
Capital Farm Credit,"150 East Main St., Suite 310",Fredricksburg,TX,78624,Branch,-98.87073,30.27417
Capital Farm Credit,5715 50th Street,Lubbock,TX,79493,Branch,-101.935057,33.548362
Legacy Ag Credit,1261 Hwy 271 South,Gilmer,TX,75645,Branch,-94.94394,32.71142
Plains Land Bank,506 S Main,Perryton,TX,79070,Branch,-100.803186,36.394967
Texas Farm Credit Services,205 S. Palestine St.,Athens,TX,75751,Branch,-95.853497,32.202891
Capital Farm Credit,5900 Southwest Pkwy,Austin,TX,78735,Branch,-97.847925,30.248453
Capital Farm Credit,203 N 2nd Street,Canadian,TX,79014,Branch,-100.383618,35.91568
Capital Farm Credit,4704 S Jackson,Edinburg,TX,78539,Branch,-98.193062,26.260259
Texas Farm Credit Services,555 S International Blvd,Weslaco,TX,78596,Branch,-97.958001,26.156159
Texas Farm Credit Services,"5901 Wesley St., Ste. 102",Greenville,TX,75402,Branch,-96.108928,33.11112
AgTexas Farm Credit Services,117 S. Burleson Blvd.,Burleson,TX,76028,Branch,-97.313305,32.542658
Texas Farm Credit Services,6540 Alliance DR Ste 130,Rockwall,TX,75032,Branch,-96.441512,32.867355
Legacy Ag Credit,1541 State Highway 34 S,Terrell,TX,75160,Branch,-96.278813,32.710895
Capital Farm Credit,431 Ft McKavitt Street,Mason,TX,76856,Branch,-99.234875,30.74977
Capital Farm Credit,101 Jolley Street,Uvalde,TX,78801,Branch,-99.76861,29.21775
Capital Farm Credit,504 Phelps Avenue,Littlefield,TX,79336,Branch,-102.331473,33.921361
Capital Farm Credit,335 N May,Madisonville,TX,77864,Branch,-95.913583,30.95321
Capital Farm Credit,502 S Main Street,Perryton,TX,79070,Branch,-100.80316,36.3952
AgTrust Farm Credit,337 Enterprise Drive,Hewitt,TX,76643,Branch,-97.174502,31.456323
Capital Farm Credit,1801 W White Oak Terrace,Conroe,TX,77304,Branch,-95.504815,30.330012
Texas Farm Credit Services,8505 Technology Forest Place,The Woodlands,TX,77381,Branch,-95.480101,30.187256
AgTrust Farm Credit,155 East BB Fielder Road,Weatherford,TX,76087,Branch,-97.78583,32.72576
Capital Farm Credit,2400 Highway 190 W,Livingston,TX,77351,Branch,-94.96479,30.72172
Texas Farm Credit Services,17752 Highway 69 North,Lindale,TX,75771,Branch,-95.41113,32.52535
AgTrust Farm Credit,4449 Loop 322,Abilene,TX,79602,Branch,-99.717357,32.396765
Capital Farm Credit,115 N Armstrong,Tulia,TX,79088,Branch,-101.76604,34.53785
AgTexas Farm Credit Services,121 W Broadway,Brownfield,TX,79316,Branch,-102.275976,33.178275
Legacy Ag Credit,335 West Dallas Street,Canton,TX,75103,Branch,-95.865217,32.556561
Capital Farm Credit,1260 Pin Oak Road,Katy,TX,77494,Branch,-95.818587,29.771628
Capital Farm Credit,1501 E Mockingbird LN Ste 100a,Victoria,TX,77904,Branch,-96.990215,28.835477
Western AgCredit,2195 North Main,North Logan,UT,84341,Branch,-111.834703,41.77216
Western AgCredit,63 East 600 North,Richfield,UT,84701,Branch,-112.08388,38.77692
Western AgCredit,10980 South Jordan Gateway,South Jordan,UT,84095,Branch,-111.899265,40.551953
Western AgCredit,727 South Main,Spanish Fork,UT,84660,Branch,-111.654576,40.100296
Western AgCredit,781 E Main,Tremonton,UT,84337,Branch,-112.15341,41.71261
Western AgCredit,848 Front St,Evanston,WY,82930,Branch,-110.963694,41.267743
Western AgCredit,55 S 1500 E,Ballard,UT,84066,Branch,-109.972497,40.30123
Farm Credit of the Virginias,1445 East Rio Rd,Charlottesville,VA,22901,Branch,-76.380592,37.433915
Colonial Farm Credit,1700-A S Main St,Farmville,VA,23901,Branch,-78.434778,37.178338
Colonial Farm Credit,22776 Timberlake Rd,Lynchburg,VA,24502,Branch,-79.261537,37.31485
Farm Credit of the Virginias,38 Murray Farm Rd,Roanoke,VA,24019,Branch,-79.874039,37.335265
Farm Credit of the Virginias,1356 B American Way Ct,Bedford,VA,24523,Branch,-79.502211,37.326567
Farm Credit of the Virginias,"27 Fort Evans Rd, NE",Leesburg,VA,20176,Branch,-77.546182,39.107537
Farm Credit of the Virginias,1557 Commerce Rd,Verona,VA,24482,Branch,-79.023598,38.188841
Farm Credit of the Virginias,660 Peppers Ferry Rd,Wytheville,VA,24382,Branch,-81.0744,36.96282
Farm Credit of the Virginias,19292 Lee Hwy,Abingdon,VA,24210,Branch,-82.02268,36.6911
Colonial Farm Credit,201 E Danville St,South Hill,VA,23970,Branch,-78.12863,36.72418
Colonial Farm Credit,135 Queen ST,Tappahannock,VA,22560,Branch,-76.858367,37.930418
Farm Credit of the Virginias,15574 Ira Hoffman Lane,Culpeper,VA,22701,Branch,-77.97674,38.48963
Colonial Farm Credit,7104 Mechanicsville Turnpike,Mechanicsville,VA,23111,Branch,-77.342969,37.611854
Colonial Farm Credit,18639 Eltham Rd,West Point,VA,23181,Branch,-76.830316,37.52023
Farm Credit of the Virginias,516 Fauquier Rd,Warrenton,VA,20186,Branch,-77.803022,38.728814
Colonial Farm Credit,2987 River Road West,Goochland,VA,23063,Branch,-77.88601,37.68538
Farm Credit of the Virginias,670 Old Franklin Turnpike,Rocky Mount,VA,24151,Branch,-79.862898,37.015785
Colonial Farm Credit,22323 Main St,Courtland,VA,23837,Branch,-77.067215,36.714712
Farm Credit of the Virginias,13284 James Madison Hwy,Orange,VA,22960,Branch,-78.12477,38.22424
Farm Credit of the Virginias,4024 Halifax Rd,South Boston,VA,24592,Branch,-78.921127,36.738386
Farm Credit of the Virginias,19651 US Hwy 29,Chatham,VA,24531,Branch,-79.402507,36.863444
Colonial Farm Credit,11295 Windsor Blvd,Windsor,VA,23487,Branch,-76.730135,36.805229
Colonial Farm Credit,428 E Main St,Waverly,VA,23890,Branch,-77.080946,37.038268
Farm Credit of the Virginias,152 Maury River Rd,Lexington,VA,24450,Branch,-79.41656,37.80381
Farm Credit of the Virginias,4646 S Valley Pike,Harrisonburg,VA,22801,Branch,-78.92115,38.38843
AgWest Farm Credit,"201 W. Broadway Ave, Ste B",Ritzville,CA,99169,Branch,-118.381518,47.127211
AgWest Farm Credit,1501 E Yonezawa Blvd,Moses Lake,WA,98837,Branch,-119.252747,47.104364
AgWest Farm Credit,9915 Saint Thomas Drive,Pasco,WA,99301,Branch,-119.220814,46.273155
AgWest Farm Credit,2580 Chester Kimm Road,Wenatchee,WA,98801,Branch,-120.334505,47.46385
AgWest Farm Credit,301 South Main Street,Colfax,WA,99111,Branch,-117.364481,46.878591
AgWest Farm Credit,1 W Pine Street,Walla Walla,WA,99362,Branch,-118.342876,46.070439
AgWest Farm Credit,629 S Market Blvd,Chehalis,WA,98532,Branch,-122.958783,46.657484
AgWest Farm Credit,1360 N 16th Ave,Yakima,WA,98902,Branch,-120.531281,46.621077
AgWest Farm Credit,265 E George Hopper Rd,Burlington,WA,98233,Branch,-122.33278,48.45277
AgWest Farm Credit,2735 Allen Rd,Sunnyside,WA,98944,Branch,-119.98336,46.30912
Farm Credit of the Virginias,527 E Main ST # 104,Bridgeport,WV,26330,Branch,-80.24057,39.28824
Farm Credit of the Virginias,2112 Ripley Rd,Ripley,WV,25271,Branch,-81.74881,38.82452
Farm Credit of the Virginias,14428 Seneca Trail N,Lewisburg,WV,24901,Branch,-80.41582,37.83667
Farm Credit of the Virginias,550 South Main Street,Moorefield,WV,26836,Branch,-78.97547,39.05148
Farm Credit of the Virginias,452 N High St,Romney,WV,26757,Branch,-78.754106,39.346943
GreenStone Farm Credit Services,340 Patriot Dr.,Little Chute,WI,54140,Branch,-88.31877,44.29723
Compeer Financial,1430 Northridge Dr,Prairie du Sac,WI,53578,Branch,-89.721695,43.291857
AgCountry Farm Credit Services,204 East Liberty Drive,Thorp,WI,54771,Branch,-90.798872,44.95034
GreenStone Farm Credit Services,"3030 Park Dr., Ste. B",Sturgeon Bay,WI,54235,Branch,-87.426869,44.817925
Compeer Financial,2600 Jenny Wren Trail,Sun Prairie,WI,53590,Branch,-89.26328,43.16382
Compeer Financial,N5776 Cth D,Fond du Lac,WI,54936,Branch,-88.48692,43.751378
Compeer Financial,9185 Old Potosi Rd,Lancaster,WI,53813,Branch,-90.724446,42.838195
Compeer Financial,3448 State Rd 23,Dodgeville,WI,53533,Branch,-90.13731,42.98134
Compeer Financial,815 Wright Road,Johnson Creek,WI,53038,Branch,-88.75874,43.08567
GreenStone Farm Credit Services,"4400 Calumet Ave., Ste. 102",Manitowoc,WI,54220,Branch,-87.702657,44.074772
GreenStone Farm Credit Services,280 S. Main St.,Clintonville,WI,54929,Branch,-88.765792,44.610724
GreenStone Farm Credit Services,202 Sado Ln.,Coleman,WI,54112,Branch,-88.046028,45.062311
AgCountry Farm Credit Services,611 South 32nd Avenue,Wausau,WI,54402,Branch,-89.67543,44.95693
Compeer Financial,1705 Hwy 14 West,Janesville,WI,53547,Branch,-89.03532,42.72982
AgCountry Farm Credit Services,600 S 8th Street,Medford,WI,54451,Branch,-90.33204,45.13298
AgCountry Farm Credit Services,1216 Wildwood Dr,Stevens Point,WI,54482,Branch,-89.514971,44.524029
AgCountry Farm Credit Services,1207 N Central Ave,Marshfield,WI,54449,Branch,-90.165162,44.678072
Farm Credit Services of America,1401 Wilkins Circle,Casper,WY,82601,Branch,-106.340871,42.866109
Ag Credit,610 W. Lytle Street,Fostoria,OH,44830,Headquarters,-83.42693,41.15071
AgCarolina Farm Credit,636 Rock Spring Rd,Greenville,NC,27834,Headquarters,-77.44017,35.63004
AgCountry Farm Credit Services,1900 44th Street South,Fargo,ND,58103,Headquarters,-96.8587,46.85105
AgGeorgia Farm Credit,468 Perry Parkway,Perry,GA,31069,Headquarters,-83.72275,32.48759
AgHeritage Farm Credit Services,"119 East Third Street, Suite 200",Little Rock,AR,72201,Headquarters,-92.270277,34.746275
AgSouth Farm Credit,146 Victory Lane,Statesville,NC,28625,Headquarters,-80.84391,35.81392
AgTexas Farm Credit Services,5004 North Loop 289,Lubbock,TX,79416,Headquarters,-101.9183,33.600979
AgTrust Farm Credit,"5600 Clearfork Main Street, Ste. 600",Fort Worth,TX,76109,Headquarters,-97.405116,32.708262
AgWest Farm Credit,2001 S Flint Road,Spokane,WA,99224,Headquarters,-117.537517,47.637199
Alabama Ag Credit,7480 Halcyon Pointe Drive Ste 201,Montgomery,AL,36117,Headquarters,-86.165422,32.363981
Alabama Farm Credit,300 2nd Avenue SW,Cullman,AL,35055,Headquarters,-86.842983,34.174789
American AgCredit,4845 Old Redwood Hwy,Santa Rosa,CA,95403,Headquarters,-122.753389,38.501446
ArborOne Farm Credit,800 Woody Jones Blvd,Florence,SC,29501,Headquarters,-79.837317,34.183558
Capital Farm Credit,3902 South Traditions Drive,College Station,TX,77845,Headquarters,-96.3806,30.599074
Central Kentucky Agricultural Credit Association,2429 Members Way,Lexington,KY,40504,Headquarters,-84.54849,38.01955
Central Texas Farm Credit,1026 Early Boulevard,Early,TX,76802,Headquarters,-98.939032,31.745771
Colonial Farm Credit,7104 Mechanicsville Turnpike,Mechanicsville,VA,23111,Headquarters,-77.342969,37.611854
Compeer Financial,2600 Jenny Wren Trail,Sun Prairie,WI,53590,Headquarters,-89.26328,43.16382
FCS Financial,1934 E. Miller Street,Jefferson City,MO,65101,Headquarters,-92.147743,38.552145
Farm Credit East,240 South Road,Enfield,CT,06082,Headquarters,-72.584708,41.976625
Farm Credit Illinois,1100 Farm Credit Drive,Mahomet,IL,61853,Headquarters,-88.36073,40.184
Farm Credit Mid-America,12501 Lakefront Place,Louisville,KY,40299,Headquarters,-85.530293,38.218448
Farm Credit Services of America,5015 So 118th St,Omaha,NE,68137,Headquarters,-96.096984,41.206614
Farm Credit Services of Colusa-Glenn,2970 Davison Court,Colusa,CA,95932,Headquarters,-121.996629,39.187965
Farm Credit Services of Mandan,1600 Old Red Trail,Mandan,ND,58554,Headquarters,-100.911842,46.84881
Farm Credit Southeast Missouri,1116 N Main St,Sikeston,MO,63801,Headquarters,-89.587369,36.891552
Farm Credit of Central Florida,"204 E Orange Street, Suite 200",Lakeland,FL,33801,Headquarters,-81.955729,28.04187
Farm Credit of Florida,11903 Southern Boulevard Suite 200,Royal Palm Beach,FL,33411,Headquarters,-80.233473,26.681983
Farm Credit of Northwest Florida,5052 Highway 90 East,Marianna,FL,32446,Headquarters,-85.175321,30.747311
Farm Credit of Southern Colorado,5110 Edison Ave,Colorado Springs,CO,80915,Headquarters,-104.732345,38.840358
Farm Credit of Western Arkansas,5177 US Hwy 64 West,Russellville,AR,72802,Headquarters,-93.172282,35.305036
Farm Credit of Western Oklahoma,3302 Williams Avenue,Woodward,OK,73801,Headquarters,-99.378833,36.412985
Farm Credit of the Virginias,102 Industry Way,Staunton,VA,24401,Headquarters,-79.022089,38.183796
First South Farm Credit,260 Trace Colony Park Drive,Ridgeland,MS,39157,Headquarters,-90.15235,32.42636
Fresno Madera Farm Credit,4635 West Spruce,Fresno,CA,93722,Headquarters,-119.876401,36.83854
Frontier Farm Credit,2009 Vanesta Pl,Manhattan,KS,66503,Headquarters,-96.63668,39.20354
Golden State Farm Credit,1580 Ellis Street,Kingsburg,CA,93631,Headquarters,-119.551922,36.516893
GreenStone Farm Credit Services,3515 West Road,East Lansing,MI,48823,Headquarters,-84.510678,42.76882
High Plains Farm Credit,605 Main Street,Larned,KS,67550,Headquarters,-99.100174,38.179983
Horizon Farm Credit,300 Winding Creek Blvd,Mechanicsburg,PA,17050,Headquarters,-77.041167,40.26411
Idaho AgCredit,188 West Judicial,Blackfoot,ID,83221,Headquarters,-112.34776,43.18903
Legacy Ag Credit,303 Connally Street,Sulphur Springs,TX,75482,Headquarters,-95.603429,33.138062
Louisiana Land Bank ACA,2413 Tower Drive,Monroe,LA,71201,Headquarters,-92.100074,32.527878
Mississippi Land Bank,5509 Highway 51 North,Senatobia,MS,38668,Headquarters,-89.969042,34.633292
Oklahoma AgCredit,3033 Progressive Drive,Edmond,OK,73034,Headquarters,-97.414413,35.685677
Plains Land Bank,"600 S. Tyler St., Suite 700",Amarillo,TX,79101,Headquarters,-101.838783,35.207435
Premier Farm Credit,202 Poplar Street,Sterling,CO,80751,Headquarters,-103.206553,40.624935
River Valley AgCredit,2731 Olivet Church Rd,Paducah,KY,42001,Headquarters,-88.70098,37.07113
Southern AgCredit,306 Commerce Center Drive,Ridgeland,MS,39157,Headquarters,-90.146372,32.445271
Southwest Georgia Farm Credit,305 Colquitt Highway,Bainbridge,GA,39817,Headquarters,-84.60502,30.926492
Texas Farm Credit Services,545 US Highway 77,Robstown,TX,78380,Headquarters,-97.660874,27.780587
Western AgCredit,10980 S Jordan Gateway,South Jordan,UT,84095,Headquarters,-111.899265,40.551953
Yosemite Farm Credit,800 West Monte Vista Avenue,Turlock,CA,95382,Headquarters,-120.85869,37.521545
